block_id,session,raw_node_rows,raw_edge_rows,raw_expertise_rows,raw_leadership_rows,candidate_node_ids,complete_case_node_ids,number_of_nodes,number_of_edges,possible_within_session_dyads,density,number_of_prior_dyads,prior_current_edges,prior_current_nonedges,mean_expertise_raw,mean_log_expertise,sd_log_expertise,mean_leadership_raw,mean_log_leadership,sd_log_leadership
block_001_session_6,6,96,178,96,96,96,96,96,178,4560,0.0390350877192982,143,39,104,3.29846624031641,1.4503039268003,0.129317620164591,3.85565476189583,1.56998075709443,0.144143510222198
block_002_session_10,10,58,140,58,58,58,58,58,140,1653,0.0846944948578342,185,68,117,3.18860625559052,1.42756050928885,0.0996218555649969,3.88669950739655,1.57787474832118,0.133435440462878
block_003_session_11,11,55,100,55,55,55,55,55,100,1485,0.0673400673400673,92,28,64,3.14301346862597,1.41450754279321,0.119735255953692,3.64090909090909,1.52577357694608,0.138317257115632
block_004_session_14,14,55,131,55,55,55,55,55,131,1485,0.0882154882154882,233,36,197,3.29959663052727,1.45246382039007,0.111407658885467,3.76,1.5425696213432,0.194103163453103
block_005_session_91,91,39,71,39,39,39,39,39,71,741,0.0958164642375169,27,15,12,3.00182941927961,1.37604554060357,0.150233507140631,3.65705128205128,1.53123161003856,0.122990179987901
block_006_session_92,92,49,89,49,49,49,49,49,89,1176,0.0756802721088435,244,33,211,3.31699451201491,1.45685696213568,0.108117690655272,3.84183673469388,1.56630682246951,0.154265947111434
block_007_session_101,101,50,43,50,50,50,50,50,43,1225,0.0351020408163265,39,9,30,3.28612849158571,1.45066399527579,0.0996504656890878,4.22,1.64265145713973,0.14730147282871
block_008_session_130,130,44,101,44,44,44,44,44,101,946,0.10676532769556,29,7,22,2.80377412524187,1.32792585462567,0.129364602567518,4.24545454545455,1.65000929767141,0.125414844758256
block_009_session_133,133,40,68,40,40,40,40,40,68,780,0.0871794871794872,252,35,217,3.3813930920425,1.46640085915011,0.151879899561345,4.053125,1.60696355277497,0.172690441574668
block_010_session_221,221,67,116,67,67,67,67,67,116,2211,0.052464947987336,590,66,524,3.49341013055248,1.49780130152978,0.101149875658406,3.78358208955224,1.54669490881737,0.206097279638084
