u,v,co_projects,co_commit_weight
GH_100225,GH_1897580,7,176
GH_100225,GH_271879,7,1809
GH_100225,GH_527405,7,481
GH_100225,GH_9628127,7,1971
GH_10131838,GH_1327929,2,35
GH_10131838,GH_3477005,2,38
GH_10131838,GH_6549865,2,63
GH_10131838,GH_9697073,3,86
GH_10182850,GH_12110148,8,152
GH_10182850,GH_12213688,8,152
GH_10182850,GH_4431464,8,152
GH_10182850,GH_4968089,8,152
GH_10182850,GH_51697751,8,114
GH_10182850,GH_5916265,8,152
GH_10584987,GH_179693,4,60
GH_10584987,GH_31594588,4,60
GH_106354,GH_11406615,5,282
GH_106354,GH_125871,4,287
GH_106354,GH_168013,5,304
GH_106354,GH_2228703,4,298
GH_106354,GH_2266960,3,129
GH_106354,GH_51697751,1,10
GH_106354,GH_5764929,3,100
GH_106354,GH_5840967,3,40
GH_106354,GH_690024,4,281
GH_106354,GH_6949588,4,300
GH_10776453,GH_51697751,1,10
GH_11406615,GH_125871,4,312
GH_11406615,GH_168013,5,279
GH_11406615,GH_2228703,5,318
GH_11406615,GH_2266960,4,140
GH_11406615,GH_51697751,1,10
GH_11406615,GH_5764929,3,100
GH_11406615,GH_5840967,3,40
GH_11406615,GH_690024,4,312
GH_11406615,GH_6949588,4,305
GH_11623115,GH_51697751,2,30
GH_11730222,GH_162756,10,190
GH_11730222,GH_3249347,11,363
GH_11730222,GH_33560316,10,150
GH_11730222,GH_360543,11,363
GH_11730222,GH_7667538,10,180
GH_11730222,GH_7825140,10,350
GH_120824,GH_13810377,2,85
GH_120824,GH_33856227,3,374
GH_12110148,GH_12213688,8,152
GH_12110148,GH_4431464,8,152
GH_12110148,GH_4968089,8,152
GH_12110148,GH_51697751,8,114
GH_12110148,GH_5916265,8,152
GH_12213688,GH_4431464,8,192
GH_12213688,GH_4968089,8,192
GH_12213688,GH_51697751,8,114
GH_12213688,GH_5916265,8,192
GH_12372473,GH_7678857,4,356
GH_125871,GH_168013,5,297
GH_125871,GH_2228703,4,331
GH_125871,GH_2266960,3,129
GH_125871,GH_51697751,1,10
GH_125871,GH_5764929,3,100
GH_125871,GH_5840967,3,40
GH_125871,GH_690024,4,328
GH_125871,GH_6949588,5,339
GH_1314356,GH_2442739,4,152
GH_1314356,GH_315569,4,152
GH_1314356,GH_3179415,3,63
GH_1314356,GH_33856227,4,152
GH_1314356,GH_36295914,4,103
GH_1314356,GH_51697753,4,152
GH_13233893,GH_51963612,3,68
GH_1327929,GH_3477005,4,93
GH_1327929,GH_6549865,4,116
GH_1327929,GH_9697073,5,151
GH_13643952,GH_43761397,4,162
GH_13643952,GH_56255770,4,136
GH_13810377,GH_31176371,4,50
GH_13810377,GH_33856227,3,123
GH_13810377,GH_40032644,2,53
GH_13810377,GH_47098907,1,10
GH_13810377,GH_51697751,6,80
GH_13810377,GH_51697753,4,110
GH_13810377,GH_51702498,2,47
GH_149464,GH_1921968,5,315
GH_149464,GH_235439,4,124
GH_149464,GH_314639,4,160
GH_149464,GH_3531170,4,143
GH_149464,GH_367291,5,198
GH_149464,GH_37553385,4,293
GH_149464,GH_40557368,4,92
GH_149464,GH_466518,5,381
GH_149464,GH_48103450,4,144
GH_149464,GH_51589803,4,89
GH_149464,GH_51697751,3,191
GH_149464,GH_51734854,4,398
GH_149464,GH_606908,4,145
GH_149464,GH_650183,4,119
GH_149464,GH_6943680,5,207
GH_149464,GH_76005,5,404
GH_149464,GH_99701,5,682
GH_15,GH_3066619,1,100
GH_15,GH_51697751,1,12
GH_15,GH_56160681,4,41
GH_15,GH_56857483,4,41
GH_15,GH_56857484,4,41
GH_15,GH_56857485,4,40
GH_15,GH_56857486,4,41
GH_15,GH_56857488,4,41
GH_15,GH_56857491,4,41
GH_15,GH_56857506,4,41
GH_162756,GH_3249347,10,190
GH_162756,GH_33560316,10,144
GH_162756,GH_360543,10,190
GH_162756,GH_7667538,10,166
GH_162756,GH_7825140,10,190
GH_168013,GH_2228703,5,345
GH_168013,GH_2266960,3,129
GH_168013,GH_51697751,1,10
GH_168013,GH_5764929,3,100
GH_168013,GH_5840967,3,40
GH_168013,GH_690024,4,278
GH_168013,GH_6949588,6,363
GH_1748315,GH_44319348,4,329
GH_1748315,GH_725101,4,124
GH_1752368,GH_40146756,2,28
GH_1754039,GH_32145654,8,96
GH_1754039,GH_33856227,8,96
GH_179693,GH_31594588,4,68
GH_1840429,GH_2105414,7,231
GH_1840429,GH_2188014,7,175
GH_1840429,GH_220289,7,140
GH_1840429,GH_2567901,6,65
GH_1840429,GH_35628131,7,161
GH_1840429,GH_51697753,7,390
GH_1840429,GH_5386272,7,404
GH_1840429,GH_62143,7,252
GH_1840429,GH_7610653,7,429
GH_1840429,GH_76171,7,429
GH_1840429,GH_788457,7,429
GH_18556,GH_37761268,1,77
GH_18556,GH_51697753,2,441
GH_18556,GH_9336666,4,279
GH_1897580,GH_271879,7,176
GH_1897580,GH_527405,7,176
GH_1897580,GH_9628127,7,176
GH_1921968,GH_235439,4,124
GH_1921968,GH_314639,4,158
GH_1921968,GH_3531170,4,143
GH_1921968,GH_367291,5,196
GH_1921968,GH_37553385,4,271
GH_1921968,GH_40557368,4,92
GH_1921968,GH_466518,5,296
GH_1921968,GH_48103450,4,144
GH_1921968,GH_51589803,4,83
GH_1921968,GH_51697751,3,148
GH_1921968,GH_51734854,4,306
GH_1921968,GH_606908,4,145
GH_1921968,GH_650183,4,119
GH_1921968,GH_6943680,5,206
GH_1921968,GH_76005,5,326
GH_1921968,GH_99701,5,334
GH_2105414,GH_2188014,7,175
GH_2105414,GH_220289,7,140
GH_2105414,GH_2567901,6,65
GH_2105414,GH_35628131,7,161
GH_2105414,GH_51697753,7,231
GH_2105414,GH_5386272,7,231
GH_2105414,GH_62143,7,231
GH_2105414,GH_7610653,7,231
GH_2105414,GH_76171,7,231
GH_2105414,GH_788457,7,231
GH_212879,GH_51697751,1,17
GH_218355,GH_51697751,1,10
GH_2188014,GH_220289,7,140
GH_2188014,GH_2567901,6,65
GH_2188014,GH_35628131,7,161
GH_2188014,GH_51697753,7,175
GH_2188014,GH_5386272,7,175
GH_2188014,GH_62143,7,175
GH_2188014,GH_7610653,7,175
GH_2188014,GH_76171,7,175
GH_2188014,GH_788457,7,175
GH_220289,GH_2567901,6,65
GH_220289,GH_35628131,7,140
GH_220289,GH_51697753,7,140
GH_220289,GH_5386272,7,140
GH_220289,GH_62143,7,140
GH_220289,GH_7610653,7,140
GH_220289,GH_76171,7,140
GH_220289,GH_788457,7,140
GH_2228703,GH_2266960,4,140
GH_2228703,GH_51697519,1,13
GH_2228703,GH_51697751,1,10
GH_2228703,GH_5764929,3,100
GH_2228703,GH_5840967,3,40
GH_2228703,GH_690024,3,340
GH_2228703,GH_6949588,4,394
GH_2246720,GH_40032644,1,15
GH_2266960,GH_51697751,1,10
GH_2266960,GH_5764929,3,91
GH_2266960,GH_5840967,3,40
GH_2266960,GH_690024,3,129
GH_2266960,GH_6949588,3,129
GH_235439,GH_314639,4,120
GH_235439,GH_3531170,4,114
GH_235439,GH_367291,4,123
GH_235439,GH_37553385,4,124
GH_235439,GH_40557368,4,92
GH_235439,GH_466518,4,124
GH_235439,GH_48103450,4,106
GH_235439,GH_51589803,3,70
GH_235439,GH_51697751,3,80
GH_235439,GH_51734854,4,124
GH_235439,GH_606908,4,116
GH_235439,GH_650183,4,114
GH_235439,GH_6943680,4,124
GH_235439,GH_76005,4,124
GH_235439,GH_99701,4,124
GH_239749,GH_51697751,7,77
GH_2442739,GH_315569,4,353
GH_2442739,GH_3179415,3,63
GH_2442739,GH_33856227,4,387
GH_2442739,GH_36295914,4,103
GH_2442739,GH_51697753,4,387
GH_249151,GH_4032239,4,153
GH_2567901,GH_35628131,6,65
GH_2567901,GH_51697753,6,65
GH_2567901,GH_5386272,6,65
GH_2567901,GH_62143,6,65
GH_2567901,GH_7610653,6,65
GH_2567901,GH_76171,6,65
GH_2567901,GH_788457,6,65
GH_2710410,GH_51697751,5,90
GH_2710410,GH_6059,14,424
GH_271879,GH_527405,7,481
GH_271879,GH_9628127,7,1809
GH_2864361,GH_33856227,3,225
GH_2995258,GH_31944061,4,211
GH_2995258,GH_32956985,4,212
GH_30351173,GH_51697753,1,22
GH_3066619,GH_51697751,1,12
GH_31004,GH_40987195,13,145
GH_31176371,GH_51697751,1,11
GH_31178340,GH_51697753,7,194
GH_31178340,GH_8554353,1,62
GH_31230251,GH_51697753,2,126
GH_31264752,GH_54132545,5,70
GH_31264752,GH_8036665,9,585
GH_314639,GH_3531170,3,115
GH_314639,GH_367291,4,151
GH_314639,GH_37553385,3,138
GH_314639,GH_40557368,3,78
GH_314639,GH_466518,4,160
GH_314639,GH_48103450,3,118
GH_314639,GH_51589803,4,85
GH_314639,GH_51697751,2,65
GH_314639,GH_51734854,3,148
GH_314639,GH_606908,3,122
GH_314639,GH_650183,3,105
GH_314639,GH_6943680,4,147
GH_314639,GH_76005,4,160
GH_314639,GH_99701,4,160
GH_315569,GH_3179415,3,63
GH_315569,GH_33856227,4,353
GH_315569,GH_36295914,4,103
GH_315569,GH_51697753,4,353
GH_3179415,GH_33856227,3,63
GH_3179415,GH_36295914,3,63
GH_3179415,GH_51697753,3,63
GH_31944061,GH_32956985,4,210
GH_31944061,GH_9478906,2,31
GH_32145654,GH_33856227,9,371
GH_3249347,GH_33560316,10,150
GH_3249347,GH_360543,11,1064
GH_3249347,GH_7667538,10,180
GH_3249347,GH_7825140,10,990
GH_3322716,GH_51083036,3,267
GH_33353573,GH_3832251,1,12
GH_33353573,GH_5116436,1,18
GH_33560316,GH_360543,10,150
GH_33560316,GH_7667538,10,150
GH_33560316,GH_7825140,10,150
GH_33856227,GH_36295914,5,120
GH_33856227,GH_40032644,7,197
GH_33856227,GH_48494734,1,126
GH_33856227,GH_50449700,1,68
GH_33856227,GH_51697519,39,2105
GH_33856227,GH_51697751,16,551
GH_33856227,GH_51697753,12,1184
GH_33856227,GH_53783540,1,24
GH_33856227,GH_55887580,2,128
GH_33856227,GH_6595467,13,884
GH_33856227,GH_9478906,1,25
GH_3477005,GH_6549865,3,91
GH_3477005,GH_9697073,4,101
GH_3531170,GH_367291,4,143
GH_3531170,GH_37553385,4,143
GH_3531170,GH_40557368,4,92
GH_3531170,GH_466518,4,143
GH_3531170,GH_48103450,4,135
GH_3531170,GH_51589803,3,62
GH_3531170,GH_51697751,3,93
GH_3531170,GH_51734854,4,143
GH_3531170,GH_606908,4,136
GH_3531170,GH_650183,4,115
GH_3531170,GH_6943680,4,143
GH_3531170,GH_76005,4,143
GH_3531170,GH_99701,4,143
GH_35628131,GH_51697753,8,193
GH_35628131,GH_5386272,7,161
GH_35628131,GH_62143,7,161
GH_35628131,GH_7610653,7,161
GH_35628131,GH_76171,7,161
GH_35628131,GH_788457,7,161
GH_360543,GH_7667538,10,180
GH_360543,GH_7825140,10,1341
GH_36295914,GH_51697519,4,275
GH_36295914,GH_51697753,4,103
GH_36341192,GH_43610,4,153
GH_36341192,GH_50215413,2,36
GH_36341192,GH_51706678,2,53
GH_36341192,GH_6139690,2,161
GH_367291,GH_37553385,4,185
GH_367291,GH_40557368,4,92
GH_367291,GH_466518,5,198
GH_367291,GH_48103450,4,144
GH_367291,GH_51589803,4,85
GH_367291,GH_51697751,3,103
GH_367291,GH_51734854,4,186
GH_367291,GH_606908,4,144
GH_367291,GH_650183,4,119
GH_367291,GH_6943680,5,194
GH_367291,GH_76005,5,198
GH_367291,GH_99701,5,198
GH_37553385,GH_40557368,4,92
GH_37553385,GH_466518,4,293
GH_37553385,GH_48103450,4,144
GH_37553385,GH_51589803,3,73
GH_37553385,GH_51697751,3,157
GH_37553385,GH_51734854,4,293
GH_37553385,GH_606908,4,145
GH_37553385,GH_650183,4,119
GH_37553385,GH_6943680,4,196
GH_37553385,GH_76005,4,292
GH_37553385,GH_99701,4,293
GH_37761268,GH_9336666,1,77
GH_40032644,GH_51697519,1,17
GH_40032644,GH_51697751,7,306
GH_40032644,GH_51697753,8,487
GH_40032644,GH_51702498,1,33
GH_40557368,GH_466518,4,92
GH_40557368,GH_48103450,4,91
GH_40557368,GH_51589803,3,57
GH_40557368,GH_51697751,3,62
GH_40557368,GH_51734854,4,92
GH_40557368,GH_606908,4,92
GH_40557368,GH_650183,4,92
GH_40557368,GH_6943680,4,92
GH_40557368,GH_76005,4,92
GH_40557368,GH_99701,4,92
GH_405856,GH_7372371,4,99
GH_43610,GH_50215413,2,59
GH_43610,GH_51706678,3,63
GH_43610,GH_6139690,4,140
GH_43761397,GH_56255770,4,319
GH_4431464,GH_4968089,8,215
GH_4431464,GH_51697751,8,114
GH_4431464,GH_5916265,8,215
GH_44319348,GH_725101,4,124
GH_44545370,GH_51697751,4,45
GH_466518,GH_48103450,4,144
GH_466518,GH_51589803,4,89
GH_466518,GH_51697751,3,178
GH_466518,GH_51734854,4,349
GH_466518,GH_606908,4,145
GH_466518,GH_650183,4,119
GH_466518,GH_6943680,5,207
GH_466518,GH_76005,5,349
GH_466518,GH_99701,5,378
GH_47098907,GH_51697751,1,13
GH_48103450,GH_51589803,3,59
GH_48103450,GH_51697751,3,89
GH_48103450,GH_51734854,4,144
GH_48103450,GH_606908,4,134
GH_48103450,GH_650183,4,111
GH_48103450,GH_6943680,4,144
GH_48103450,GH_76005,4,144
GH_48103450,GH_99701,4,144
GH_48343157,GH_48494734,1,19
GH_48494734,GH_50449700,3,712
GH_48494734,GH_51697753,1,21
GH_48494734,GH_8554353,1,57
GH_4968089,GH_51697751,8,114
GH_4968089,GH_5916265,8,544
GH_50215413,GH_51706678,1,16
GH_50215413,GH_6139690,1,10
GH_50449700,GH_51697753,1,21
GH_51083036,GH_8554353,1,23
GH_51589803,GH_51697751,2,29
GH_51589803,GH_51734854,3,73
GH_51589803,GH_606908,3,62
GH_51589803,GH_650183,3,66
GH_51589803,GH_6943680,4,84
GH_51589803,GH_76005,4,87
GH_51589803,GH_99701,4,89
GH_51697519,GH_51697751,6,174
GH_51697519,GH_51697753,1,19
GH_51697692,GH_51697751,1,112
GH_51697692,GH_51697753,5,383
GH_51697751,GH_51697753,38,2652
GH_51697751,GH_51702498,2,238
GH_51697751,GH_51734854,3,167
GH_51697751,GH_52719455,1,16
GH_51697751,GH_53094343,5,469
GH_51697751,GH_53837494,3,30
GH_51697751,GH_5556969,6,126
GH_51697751,GH_55887580,1,14
GH_51697751,GH_57055953,1,15
GH_51697751,GH_5764929,1,10
GH_51697751,GH_5840967,1,10
GH_51697751,GH_5916265,8,114
GH_51697751,GH_6059,6,94
GH_51697751,GH_606908,3,88
GH_51697751,GH_62143,1,10
GH_51697751,GH_650183,3,75
GH_51697751,GH_690024,1,10
GH_51697751,GH_6943680,3,111
GH_51697751,GH_6949588,1,10
GH_51697751,GH_76005,3,156
GH_51697751,GH_7610653,1,10
GH_51697751,GH_8554353,3,46
GH_51697751,GH_85975,3,34
GH_51697751,GH_9001261,2,24
GH_51697751,GH_91343,4,75
GH_51697751,GH_9701,1,27
GH_51697751,GH_99701,3,191
GH_51697753,GH_53094343,1,205
GH_51697753,GH_53095746,2,42
GH_51697753,GH_5386272,7,397
GH_51697753,GH_6059,1,10
GH_51697753,GH_62143,7,252
GH_51697753,GH_7610653,7,397
GH_51697753,GH_76171,7,397
GH_51697753,GH_788457,7,397
GH_51697753,GH_8554353,1,39
GH_51697753,GH_91343,5,144
GH_51697753,GH_9336666,2,78
GH_51706678,GH_6139690,2,48
GH_51734854,GH_606908,4,145
GH_51734854,GH_650183,4,119
GH_51734854,GH_6943680,4,196
GH_51734854,GH_76005,4,364
GH_51734854,GH_99701,4,399
GH_51833414,GH_58037215,3,65
GH_527405,GH_9628127,7,481
GH_5386272,GH_62143,9,274
GH_5386272,GH_7610653,7,413
GH_5386272,GH_76171,10,479
GH_5386272,GH_788457,7,413
GH_54132545,GH_8036665,5,70
GH_56160681,GH_56857483,4,49
GH_56160681,GH_56857484,4,51
GH_56160681,GH_56857485,4,40
GH_56160681,GH_56857486,4,140
GH_56160681,GH_56857488,4,60
GH_56160681,GH_56857491,4,80
GH_56160681,GH_56857506,4,138
GH_56857483,GH_56857484,4,49
GH_56857483,GH_56857485,4,40
GH_56857483,GH_56857486,4,49
GH_56857483,GH_56857488,4,49
GH_56857483,GH_56857491,4,49
GH_56857483,GH_56857506,4,49
GH_56857484,GH_56857485,4,40
GH_56857484,GH_56857486,4,51
GH_56857484,GH_56857488,4,51
GH_56857484,GH_56857491,4,51
GH_56857484,GH_56857506,4,51
GH_56857485,GH_56857486,4,40
GH_56857485,GH_56857488,4,40
GH_56857485,GH_56857491,4,40
GH_56857485,GH_56857506,4,40
GH_56857486,GH_56857488,4,60
GH_56857486,GH_56857491,4,80
GH_56857486,GH_56857506,4,137
GH_56857488,GH_56857491,4,60
GH_56857488,GH_56857506,4,60
GH_56857491,GH_56857506,4,80
GH_57147301,GH_8937810,3,63
GH_5764929,GH_5840967,4,53
GH_5764929,GH_690024,3,100
GH_5764929,GH_6949588,3,100
GH_5840967,GH_690024,3,40
GH_5840967,GH_6949588,3,40
GH_606908,GH_650183,4,115
GH_606908,GH_6943680,4,145
GH_606908,GH_76005,4,145
GH_606908,GH_99701,4,145
GH_62143,GH_7610653,8,285
GH_62143,GH_76171,9,274
GH_62143,GH_788457,7,252
GH_650183,GH_6943680,4,119
GH_650183,GH_76005,4,119
GH_650183,GH_99701,4,119
GH_6549865,GH_9697073,5,210
GH_690024,GH_6949588,4,324
GH_6943680,GH_76005,5,207
GH_6943680,GH_99701,5,207
GH_76005,GH_99701,5,415
GH_7610653,GH_76171,7,476
GH_7610653,GH_788457,7,708
GH_76171,GH_788457,7,476
GH_7667538,GH_7825140,10,180
