global_id,dataset,user,number_of_selected_projects,total_commits_in_qualifying_projects,expertise_raw,log_expertise,expertise_z,leadership_raw,log_leadership,leadership_z,expertise_raw_shared,leadership_raw_shared,expertise_z_shared,leadership_z_shared,mean_commits_per_qualifying_project,median_commits_per_qualifying_project,minimum_commits_in_qualifying_project,maximum_commits_in_qualifying_project,historical_same_language_projects,historical_same_language_commits,followers_before_window,profile_login,profile_company,profile_created_at,profile_type,profile_fake,profile_deleted,profile_long,profile_lat,profile_country_code,profile_state,profile_city,profile_location
GH_100225,GH,100225,7,2363,4.0,1.6094379124341003,-0.32216654050246735,128.0,4.859812404361672,1.3417383246000973,4.0,128.0,-0.32216654050246735,1.3417383246000973,337.57142857142856,338.0,334,345,4,277,128,jleyva,N,2011-02-13 10:11:52,USR,0,0,-3.70035000,40.41669000,ES,N,N,Spain
GH_1012303,GH,1012303,10,410,5.0,1.791759469228055,-0.2291459893878989,4.0,1.6094379124341003,-0.11391292497773711,5.0,4.0,-0.2291459893878989,-0.11391292497773711,41.0,30.5,10,151,5,171,4,naokikimura,@moneyforward ,2012-11-10 08:35:21,USR,0,0,139.74946000,35.68696000,JP,N,N,Japan
GH_10131838,GH,10131838,4,167,27.0,3.332204510175204,0.5567898548992699,0.0,0.0,-0.8346853511000264,27.0,0.0,0.5567898548992699,-0.8346853511000264,41.75,31.5,13,91,27,283,0,mcnielsen,N,2015-09-23 15:07:35,USR,0,0,0.00000000,0.00000000,N,N,N,N
GH_10182850,GH,10182850,8,152,8.0,2.1972245773362196,-0.0222774847679332,1944.0,7.573017256052546,2.5568229379371594,8.0,1944.0,-0.0222774847679332,2.5568229379371594,19.0,19.0,19,19,8,121,1944,unicodeveloper,N,2012-12-02 20:53:16,USR,0,0,3.38416000,6.49311000,NG,Lagos,Lagos Mainland,"Lagos, Nigeria"
GH_10330243,GH,10330243,6,271,3.0,1.3862943611198906,-0.43601449400786446,2.0,1.0986122886681096,-0.34268162821425957,3.0,2.0,-0.43601449400786446,-0.34268162821425957,45.166666666666664,35.5,14,102,3,45,2,donkeykong91,N,2015-10-31 00:21:30,USR,0,0,-117.98102000,33.75513000,US,CA,Westminster,"Westminster, CA"
GH_10540545,GH,10540545,8,268,8.0,2.1972245773362196,-0.0222774847679332,4.0,1.6094379124341003,-0.11391292497773711,8.0,4.0,-0.0222774847679332,-0.11391292497773711,33.5,36.5,10,50,8,134,4,Sansossio,N,2015-11-16 18:41:27,USR,0,0,-3.70035000,40.41669000,ES,Community of Madrid,Madrid,"Madrid, Spain"
GH_10584987,GH,10584987,4,60,39.0,3.6888794541139363,0.738765592915998,104.0,4.653960350157523,1.249549316633593,39.0,104.0,0.738765592915998,1.249549316633593,15.0,15.0,15,15,39,1289,104,Toxicable,N,2015-07-24 22:09:18,USR,0,0,0.00000000,0.00000000,N,N,N,N
GH_106354,GH,106354,6,327,219.0,5.393627546352361,1.60852893763523,406.0,6.008813185442595,1.8563080847616356,219.0,406.0,1.60852893763523,1.8563080847616356,54.5,37.5,10,170,219,8326,406,joaomoreno,Microsoft,2008-08-28 13:00:17,USR,0,0,8.53803000,47.36902000,CH,Zurich,Zurich,"Zurich, Switzerland"
GH_1065732,GH,1065732,5,550,1.0,0.6931471805599453,-0.7896585384806861,62.0,4.143134726391533,1.0207806133970707,1.0,62.0,-0.7896585384806861,1.0207806133970707,110.0,154.0,24,168,1,16,62,rowanc1,@iooxa,2011-07-13 15:34:12,USR,0,0,-86.24364000,35.87144000,US,TN,Murfreesboro,The Future
GH_10776453,GH,10776453,5,135,17.0,2.8903717578961645,0.3313665597048884,4.0,1.6094379124341003,-0.11391292497773711,17.0,4.0,0.3313665597048884,-0.11391292497773711,27.0,23.0,14,43,17,87,4,bezael,[DominiCode],2014-04-26 15:58:38,USR,0,0,2.16992000,41.38792000,ES,Cataluña,Barcelona,Barcelona
GH_10928391,GH,10928391,24,1306,71.0,4.276666119016055,1.038654648650532,9.0,2.302585092994046,0.1965068626588196,71.0,9.0,1.038654648650532,0.1965068626588196,54.416666666666664,42.0,37,153,71,809,9,taoqf,N,2015-11-18 04:39:45,USR,0,0,113.66315000,34.75694000,CN,Henan,Zhengzhou,ZhengZhou
GH_11024749,GH,11024749,4,89,59.0,4.0943445622221,0.9456340975359634,12.0,2.5649493574615367,0.3140043603672106,59.0,12.0,0.9456340975359634,0.3140043603672106,22.25,24.5,11,29,59,2071,12,bartlomieju,@denoland,2015-08-01 17:24:46,USR,0,0,21.00849000,52.23498000,PL,Mazovia,Warsaw,"Warsaw, PL"
GH_11369509,GH,11369509,4,181,0.0,0.0,-1.143302582953508,4.0,1.6094379124341003,-0.11391292497773711,0.0,4.0,-1.143302582953508,-0.11391292497773711,45.25,33.0,20,95,0,0,4,mikemorcerf,Job Hunting,2016-01-07 22:55:20,USR,0,0,-74.00723000,40.71305000,US,NY,New York,New York City
GH_11406615,GH,11406615,6,337,272.0,5.60947179518496,1.718652783297698,156.0,5.056245805348308,1.4297092726601315,272.0,156.0,1.718652783297698,1.4297092726601315,56.166666666666664,45.0,10,142,272,6734,156,mjbvz,Microsoft,2015-06-10 00:23:25,USR,0,0,0.00000000,0.00000000,N,N,N,N
GH_1157216,GH,1157216,11,538,1.0,0.6931471805599453,-0.7896585384806861,2.0,1.0986122886681096,-0.34268162821425957,1.0,2.0,-0.7896585384806861,-0.34268162821425957,48.90909090909091,17.0,10,342,1,7,2,gaetanBloch,Convelio,2011-01-25 17:22:06,USR,0,0,-1.55718000,47.21826000,FR,Pays de la Loire,Nantes,Nantes
GH_11623115,GH,11623115,5,80,7.0,2.0794415416798357,-0.0823704495350428,6.0,1.9459101490553132,0.036773167625536785,7.0,6.0,-0.0823704495350428,0.036773167625536785,16.0,17.0,12,17,7,34,6,scheeles,@kubermatic ,2014-12-02 12:58:09,USR,0,0,9.99165000,53.55384000,DE,Hamburg,Hamburg,Hamburg
GH_11730222,GH,11730222,11,363,39.0,3.6888794541139363,0.738765592915998,31.0,3.4657359027997265,0.7174135870827564,39.0,31.0,0.738765592915998,0.7174135870827564,33.0,35.0,13,35,39,1013,31,tibing-old-email,N,2019-10-13 10:26:07,USR,0,0,0.00000000,0.00000000,N,N,N,N
GH_118513,GH,118513,4,195,0.0,0.0,-1.143302582953508,109.0,4.700480365792417,1.2703828910593986,0.0,109.0,-1.143302582953508,1.2703828910593986,48.75,41.5,15,97,0,0,109,lucachaves,@ifpb ,2010-02-17 15:59:17,USR,0,0,0.00000000,0.00000000,N,N,N,N
GH_11886697,GH,11886697,4,163,0.0,0.0,-1.143302582953508,0.0,0.0,-0.8346853511000264,0.0,0.0,-1.143302582953508,-0.8346853511000264,40.75,16.5,14,116,0,0,0,ranmaru22,N,2016-01-03 00:46:38,USR,0,0,13.41144000,52.52343000,DE,N,N,Germany
GH_12012397,GH,12012397,4,443,8.0,2.1972245773362196,-0.0222774847679332,14.0,2.70805020110221,0.37809079790802985,8.0,14.0,-0.0222774847679332,0.37809079790802985,110.75,113.0,104,113,8,139,14,out386,N,2016-01-16 11:32:12,USR,0,0,0.00000000,0.00000000,N,N,N,N
GH_120824,GH,120824,4,417,41.0,3.7376696182833684,0.7636583595192356,130.0,4.875197323201151,1.348628323395301,41.0,130.0,0.7636583595192356,1.348628323395301,104.25,82.5,43,209,41,1281,130,coderbyheart,@NordicSemiconductor,2013-09-30 11:27:06,USR,0,0,10.39844000,63.43457000,NO,Trøndelag,Trondheim,"Trondheim, Norway"
GH_12110148,GH,12110148,8,152,15.0,2.772588722239781,0.271273594937779,13.0,2.639057329615259,0.3471929552620935,15.0,13.0,0.271273594937779,0.3471929552620935,19.0,19.0,19,19,15,232,13,stemmlerjs,@apollographql ,2014-03-08 16:23:35,USR,0,0,-93.28927000,44.97302000,US,MN,Minneapolis,Southern Ontario Cities
GH_12213688,GH,12213688,8,192,49.0,3.912023005428146,0.8526135464213951,605.0,6.406879986069314,2.0345787539373914,49.0,605.0,0.8526135464213951,2.0345787539373914,24.0,24.0,24,24,49,483,605,peggyrayzis,@apollographql ,2016-03-22 22:22:20,USR,0,0,-74.00723000,40.71305000,US,NY,New York,"New York, NY"
GH_1226591,GH,1226591,4,98,0.0,0.0,-1.143302582953508,122.0,4.812184355372417,1.3204085273110937,0.0,122.0,-1.143302582953508,1.3204085273110937,24.5,21.5,14,41,0,0,122,scottdurow,Develop 1 Ltd,2012-11-23 11:01:18,USR,0,0,-1.26346000,51.75374000,GB,ENG,Oxford,"Oxford, UK"
GH_12294043,GH,12294043,6,126,8.0,2.1972245773362196,-0.0222774847679332,3.0,1.3862943611198906,-0.21384577582691333,8.0,3.0,-0.0222774847679332,-0.21384577582691333,21.0,18.0,11,32,8,108,3,DManavi,@KeenDev-Team,2015-01-09 19:51:47,USR,0,0,0.00000000,0.00000000,N,N,N,N
GH_12372473,GH,12372473,4,362,2.0,1.0986122886681096,-0.5827900338607207,1.0,0.6931471805599453,-0.5242655634634699,2.0,1.0,-0.5827900338607207,-0.5242655634634699,90.5,80.5,46,155,2,17,1,eugesma,N,2016-04-05 21:24:39,USR,0,0,-58.37322000,-34.60903000,AR,N,N,Argentina
GH_12397863,GH,12397863,5,86,6.0,1.9459101490553132,-0.1504982340463736,0.0,0.0,-0.8346853511000264,6.0,0.0,-0.1504982340463736,-0.8346853511000264,17.2,15.0,10,26,6,118,0,trem7,N,2016-04-07 16:38:26,USR,0,0,0.00000000,0.00000000,N,N,N,N
GH_125871,GH,125871,5,351,196.0,5.2832037287379885,1.5521906496604747,144.0,4.976733742420574,1.3941005038721914,196.0,144.0,1.5521906496604747,1.3941005038721914,70.2,76.0,13,157,196,5937,144,roblourens,Microsoft,2010-07-06 03:17:21,USR,0,0,-122.33028000,47.60323000,US,WA,Seattle,"Seattle, WA"
GH_12795943,GH,12795943,4,164,0.0,0.0,-1.143302582953508,1.0,0.6931471805599453,-0.5242655634634699,0.0,1.0,-1.143302582953508,-0.5242655634634699,41.0,35.5,13,80,0,0,1,Morpa,N,2015-11-17 23:08:31,USR,0,0,0.00000000,0.00000000,N,N,N,✈️
GH_1283205,GH,1283205,7,259,26.0,3.295836866004329,0.538235064324854,37.0,3.6375861597263857,0.7943751931551737,26.0,37.0,0.538235064324854,0.7943751931551737,37.0,22.0,14,138,26,186,37,alizahid,N,2011-07-27 08:56:51,USR,0,0,55.29268000,25.26741000,AE,Dubai,Dubai,Dubai
GH_1314356,GH,1314356,4,152,0.0,0.0,-1.143302582953508,77.0,4.356708826689592,1.116427870889534,0.0,77.0,-1.143302582953508,1.116427870889534,38.0,38.0,38,38,0,0,77,erquhart,@netlify ,2014-02-17 22:43:12,USR,0,0,-77.94620000,34.23670000,US,NC,Wilmington,"Wilmington, NC, USA"
GH_13233893,GH,13233893,4,205,2.0,1.0986122886681096,-0.5827900338607207,26.0,3.295836866004329,0.6413258175572744,2.0,26.0,-0.5827900338607207,0.6413258175572744,51.25,29.0,10,137,2,12,26,kavsingh,N,2011-05-27 02:37:50,USR,0,0,13.41144000,52.52343000,DE,Berlin,Berlin,Berlin
GH_1327929,GH,1327929,5,207,7.0,2.0794415416798357,-0.0823704495350428,0.0,0.0,-0.8346853511000264,7.0,0.0,-0.0823704495350428,-0.8346853511000264,41.4,22.0,15,97,7,17,0,jmvalencia,Alert Logic,2012-05-07 17:17:27,USR,0,0,-76.19665000,4.08432000,CO,Valle del Cauca,Tuluá,"Tuluá, Valle del Cauca"
GH_135346,GH,135346,4,159,72.0,4.290459441148391,1.045692008626021,59.0,4.0943445622221,0.9989303731811429,72.0,59.0,1.045692008626021,0.9989303731811429,39.75,33.0,13,80,72,3033,59,bluelovers,bluelovers,2009-12-15 15:39:37,USR,0,0,0.00000000,0.00000000,N,N,N,bluelovers
GH_1360173,GH,1360173,4,67,20.0,3.044522437723423,0.4100143150464138,118.0,4.77912349311153,1.3056025147787833,20.0,118.0,0.4100143150464138,1.3056025147787833,16.75,15.0,10,27,20,121,118,pshihn,N,2011-06-06 21:48:42,USR,0,0,-122.42016000,37.78008000,US,CA,San Francisco,San Francisco
GH_13643952,GH,13643952,4,162,0.0,0.0,-1.143302582953508,0.0,0.0,-0.8346853511000264,0.0,0.0,-1.143302582953508,-0.8346853511000264,40.5,41.5,14,65,0,0,0,saepark90,N,2016-05-29 15:02:34,USR,0,0,0.00000000,0.00000000,N,N,N,N
GH_13810377,GH,13810377,56,1922,1432.0,7.267525427828172,2.564592590954594,18.0,2.9444389791664403,0.48395540551861704,1432.0,18.0,2.564592590954594,0.48395540551861704,34.32142857142857,17.0,10,239,1432,6633,18,snyk-bot,@Snyk,2016-06-03 16:01:12,USR,0,0,0.00000000,0.00000000,N,N,N,N
GH_1417537,GH,1417537,4,253,18.0,2.9444389791664403,0.3589516835280584,21.0,3.091042453358316,0.5496104649371092,18.0,21.0,0.3589516835280584,0.5496104649371092,63.25,54.0,32,113,18,157,21,taoyuan,N,2012-01-17 03:23:50,USR,0,0,0.00000000,0.00000000,N,N,N,N
GH_1431627,GH,1431627,8,1708,8.0,2.1972245773362196,-0.0222774847679332,3.0,1.3862943611198906,-0.21384577582691333,8.0,3.0,-0.0222774847679332,-0.21384577582691333,213.5,214.0,212,214,8,1052,3,innovad,Zurich University of Applied Sciences,2012-12-20 12:10:34,USR,0,0,8.72616000,47.49988000,CH,Zürich,Winterthur,Winterthur
GH_1464199,GH,1464199,4,244,2.0,1.0986122886681096,-0.5827900338607207,1.0,0.6931471805599453,-0.5242655634634699,2.0,1.0,-0.5827900338607207,-0.5242655634634699,61.0,56.0,30,102,2,79,1,psatler,N,2013-01-29 21:02:46,USR,0,0,-55.30439000,-12.29830000,BR,Mato Grosso,Vera,"Vitória, ES, Brasil"
GH_149464,GH,149464,5,686,13.0,2.639057329615259,0.2031458104264483,69.0,4.248495242049359,1.0679653813843828,13.0,69.0,0.2031458104264483,1.0679653813843828,137.2,88.0,22,294,13,48,69,aknuds1,@grafana,2010-05-19 09:58:21,USR,0,0,13.41144000,52.52343000,DE,Berlin,Berlin,"Berlin, Germany"
GH_15,GH,15,36,1348,953.0,6.860663671448287,2.3570115156752225,0.0,0.0,-0.8346853511000264,953.0,0.0,2.3570115156752225,-0.8346853511000264,37.44444444444444,20.5,10,166,953,9356,0,efficientcloud,N,2011-03-11 09:22:49,ORG,0,0,-0.12721001,51.50642014,gb,England,London,"London, UK & Vienna, Austria"
GH_16135910,GH,16135910,5,140,1.0,0.6931471805599453,-0.7896585384806861,4.0,1.6094379124341003,-0.11391292497773711,1.0,4.0,-0.7896585384806861,-0.11391292497773711,28.0,22.0,13,44,1,6,4,ashnamuh,LINE+,2015-09-01 05:06:35,USR,0,0,0.00000000,0.00000000,N,N,N,N
GH_162756,GH,162756,11,204,39.0,3.6888794541139363,0.738765592915998,73.0,4.304065093204169,1.0928518439976134,39.0,73.0,0.738765592915998,1.0928518439976134,18.545454545454547,21.0,12,22,39,1447,73,yggg,@akveo @eva-design,2009-03-14 13:37:42,USR,0,0,27.54942000,53.89769000,BY,Gorad Minsk,Minsk,"Minsk, Belarus"
GH_168013,GH,168013,7,373,344.0,5.84354441703136,1.838076754153711,532.0,6.278521424165844,1.9770945158925641,344.0,532.0,1.838076754153711,1.9770945158925641,53.285714285714285,15.0,10,209,344,10611,532,bpasero,Microsoft,2011-07-07 12:20:44,USR,0,0,8.53803000,47.36902000,CH,Zurich,Zurich,"Zurich, Switzerland"
GH_1748315,GH,1748315,4,431,65.0,4.189654742026425,0.9942613998041551,62.0,4.143134726391533,1.0207806133970707,65.0,62.0,0.9942613998041551,1.0207806133970707,107.75,72.0,36,251,65,4604,62,akosyakov,@TypeFox,2012-12-19 16:01:11,USR,0,0,10.13593000,54.32270000,DE,Schleswig-Holstein,Kiel,"Kiel, Germany"
GH_1752368,GH,1752368,14,219,65.0,4.189654742026425,0.9942613998041551,65.0,4.189654742026425,1.0416141878228757,65.0,65.0,0.9942613998041551,1.0416141878228757,15.642857142857142,14.0,11,30,65,1606,65,kolya182,N,2013-01-15 15:53:42,USR,0,0,-91.31244000,47.29551000,US,MN,Silver Bay,SF Bay Area
GH_1754039,GH,1754039,8,96,7.0,2.0794415416798357,-0.0823704495350428,4.0,1.6094379124341003,-0.11391292497773711,7.0,4.0,-0.0823704495350428,-0.11391292497773711,12.0,12.0,12,12,7,119,4,Sacro,N,2012-10-26 18:41:02,USR,0,0,0.00000000,0.00000000,N,N,N,N
GH_17633770,GH,17633770,4,180,3.0,1.3862943611198906,-0.43601449400786446,0.0,0.0,-0.8346853511000264,3.0,0.0,-0.43601449400786446,-0.8346853511000264,45.0,41.0,36,62,3,17,0,ibuckner,@NELCSU,2016-06-21 09:29:51,USR,0,0,-0.12624000,51.50015000,GB,ENG,London,London
GH_179693,GH,179693,4,132,11.0,2.4849066497880004,0.1244980550849229,402.0,5.998936561946683,1.8518849269473165,11.0,402.0,0.1244980550849229,1.8518849269473165,33.0,33.0,33,33,11,92,402,EricSimons,@StackBlitz,2011-01-11 05:55:18,USR,0,0,-122.42016000,37.78008000,US,CA,San Francisco,"San Francisco, CA"
GH_1840429,GH,1840429,7,429,2.0,1.0986122886681096,-0.5827900338607207,122.0,4.812184355372417,1.3204085273110937,2.0,122.0,-0.5827900338607207,1.3204085273110937,61.285714285714285,64.0,50,65,2,37,122,jbavari,N,2012-02-07 01:57:02,USR,0,0,-105.18139000,40.23228000,US,CO,Longmont,"Boulder, CO"
GH_18556,GH,18556,9,3211,21.0,3.091042453358316,0.433748850711368,39688.0,10.588829350196415,3.907427508036736,21.0,39688.0,0.433748850711368,3.907427508036736,356.77777777777777,222.0,10,1171,21,1259,39688,yyx990803,vuejs,2010-11-28 00:05:40,USR,0,0,-75.19829000,40.69809000,US,NJ,Phillipsburg,New Jersey ⇄ China
GH_1897580,GH,1897580,7,176,8.0,2.1972245773362196,-0.0222774847679332,3.0,1.3862943611198906,-0.21384577582691333,8.0,3.0,-0.0222774847679332,-0.21384577582691333,25.142857142857142,24.0,23,28,8,82,3,NoelDeMartin,N,2012-03-08 19:38:00,USR,0,0,0.00000000,0.00000000,N,N,N,N
GH_1921968,GH,1921968,5,334,35.0,3.58351893845611,0.6850106041777102,2.0,1.0986122886681096,-0.34268162821425957,35.0,2.0,0.6850106041777102,-0.34268162821425957,66.8,69.0,10,108,35,126,2,dprokop,Grafana Labs,2012-09-19 05:55:59,USR,0,0,21.00849000,52.23498000,PL,Mazovia,Warsaw,Warsaw
GH_1947676,GH,1947676,4,117,18.0,2.9444389791664403,0.3589516835280584,43.0,3.784189633918261,0.8600302525736655,18.0,43.0,0.3589516835280584,0.8600302525736655,29.25,27.5,15,47,18,187,43,oznu,N,2013-03-26 21:33:16,USR,0,0,149.13140000,-35.28078000,AU,N,N,Australia
GH_2020392,GH,2020392,8,143,4.0,1.6094379124341003,-0.32216654050246735,20.0,3.044522437723423,0.5287768905113037,4.0,20.0,-0.32216654050246735,0.5287768905113037,17.875,18.0,11,25,4,15,20,maximkott,N,2012-10-30 18:40:19,USR,0,0,8.53803000,47.36902000,CH,Zurich,Zurich,"Zurich, Switzerland"
GH_2105414,GH,2105414,7,231,56.0,4.04305126783455,0.9194642326208459,181.0,5.204006687076795,1.4958826667293303,56.0,181.0,0.9194642326208459,1.4958826667293303,33.0,33.0,33,33,56,1097,181,danbucholtz,Ionic,2013-06-12 13:13:29,USR,0,0,-87.90942000,43.04107000,US,WI,Milwaukee,"Milwaukee, Wisconsin"
GH_2105737,GH,2105737,6,67,4.0,1.6094379124341003,-0.32216654050246735,5.0,1.791759469228055,-0.032261840577702976,4.0,5.0,-0.32216654050246735,-0.032261840577702976,11.166666666666666,10.5,10,14,4,23,5,Destiner,N,2013-04-24 15:35:40,USR,0,0,37.61492000,55.75654000,RU,N,N,Russia
GH_212879,GH,212879,5,160,104.0,4.653960350157523,1.2311503574974543,12071.0,9.398644000447685,3.3744136058252567,104.0,12071.0,1.2311503574974543,3.3744136058252567,32.0,26.0,14,56,104,1530,12071,johnpapa,"JohnPapa.net, LLC",2011-11-17 16:05:03,USR,0,0,-81.37888000,28.53833000,US,FL,Orlando,"Orlando, FL"
GH_218355,GH,218355,6,540,69.0,4.248495242049359,1.024281852877489,64.0,4.174387269895637,1.0347767864895,69.0,64.0,1.024281852877489,1.0347767864895,90.0,99.0,22,122,69,2094,64,scttcper,N,2012-02-02 04:19:57,USR,0,0,-122.42016000,37.78008000,US,CA,San Francisco,San Francisco
GH_2188014,GH,2188014,7,175,102.0,4.634728988229636,1.2213385068492202,912.0,6.816735880594968,2.2181290637539393,102.0,912.0,1.2213385068492202,2.2181290637539393,25.0,25.0,25,25,102,847,912,mhartington,@ionic-team ,2012-11-19 14:47:36,USR,0,0,-71.58876000,41.69523000,US,RI,N,Rhode Island
GH_219026,GH,219026,4,244,114.0,4.74493212836325,1.2775642050609235,85.0,4.454347296253507,1.1601543893508868,114.0,85.0,1.2775642050609235,1.1601543893508868,61.0,62.0,19,101,114,846,85,peterblazejewicz,Appriss Retail,2008-06-21 17:26:34,USR,0,0,21.00849000,52.23498000,PL,N,N,Warsaw/Poland
GH_220289,GH,220289,7,140,60.0,4.110873864173311,0.9540673558082059,191.0,5.2574953720277815,1.51983709760508,60.0,191.0,0.9540673558082059,1.51983709760508,20.0,20.0,20,20,60,2237,191,dwieeb,Ionic,2010-04-04 00:06:09,USR,0,0,0.00000000,0.00000000,N,N,N,N
GH_2228703,GH,2228703,8,474,120.0,4.795790545596741,1.3035121954306004,528.0,6.270988431858299,1.973720932420022,120.0,528.0,1.3035121954306004,1.973720932420022,59.25,14.5,10,225,120,2628,528,rebornix,Microsoft,2011-06-26 13:49:05,USR,0,0,-122.33028000,47.60323000,US,WA,Seattle,Seattle
GH_2246720,GH,2246720,7,182,7.0,2.0794415416798357,-0.0823704495350428,10.0,2.3978952727983707,0.23919067730055255,7.0,10.0,-0.0823704495350428,0.23919067730055255,26.0,21.0,11,53,7,77,10,Alorel,N,2013-07-12 13:28:26,USR,0,0,-97.71889000,43.14963000,US,SD,Scotland,Scotland
GH_2247194,GH,2247194,4,111,2.0,1.0986122886681096,-0.5827900338607207,2.0,1.0986122886681096,-0.34268162821425957,2.0,2.0,-0.5827900338607207,-0.34268162821425957,27.75,22.5,16,50,2,40,2,anthonyjoeseph,N,2013-01-07 20:06:09,USR,0,0,0.00000000,0.00000000,N,N,N,N
GH_2266960,GH,2266960,4,140,50.0,3.9318256327243257,0.8627168569514208,0.0,0.0,-0.8346853511000264,50.0,0.0,0.8627168569514208,-0.8346853511000264,35.0,29.0,11,71,50,830,0,alexdima,@microsoft ,2012-05-05 14:31:07,USR,0,0,0.00000000,0.00000000,N,N,N,N
GH_235439,GH,235439,5,141,45.0,3.828641396489095,0.8100722070827047,81.0,4.406719247264253,1.1388245920618836,45.0,81.0,0.8100722070827047,1.1388245920618836,28.2,22.0,17,47,45,115,81,bergquist,@grafana ,2011-02-15 08:24:07,USR,0,0,18.06449000,59.33279000,SE,N,Stockholm,"Stockholm, Sweden"
GH_23687103,GH,23687103,4,73,3.0,1.3862943611198906,-0.43601449400786446,45.0,3.828641396489095,0.8799375782965545,3.0,45.0,-0.43601449400786446,0.8799375782965545,18.25,18.0,11,26,3,70,45,gurleensethi,N,2015-09-19 18:24:09,USR,0,0,-73.55336000,45.50906000,CA,QC,Montreal,Montreal
GH_239749,GH,239749,8,94,12.0,2.5649493574615367,0.16533588529777643,1712.0,7.44600149832412,2.4999400627753463,12.0,1712.0,0.16533588529777643,2.4999400627753463,11.75,12.0,10,12,12,101,1712,joeeames,N,2011-09-22 18:55:37,USR,0,0,-111.88814000,40.75848000,US,UT,Salt Lake City,"Salt Lake City, UT"
GH_2442739,GH,2442739,4,387,0.0,0.0,-1.143302582953508,30.0,3.4339872044851463,0.7031952154800795,0.0,30.0,-1.143302582953508,0.7031952154800795,96.75,99.0,89,100,0,0,30,AustinGreen,N,2013-08-09 21:29:51,USR,0,0,0.00000000,0.00000000,N,N,N,N
GH_2486521,GH,2486521,5,120,1.0,0.6931471805599453,-0.7896585384806861,0.0,0.0,-0.8346853511000264,1.0,0.0,-0.7896585384806861,-0.8346853511000264,24.0,26.0,12,38,1,9,0,CarlosCraviotto,N,2012-11-23 15:25:01,USR,0,0,2.16992000,41.38792000,ES,Cataluña,Barcelona,"Barcelona, España"
GH_249151,GH,249151,7,525,5.0,1.791759469228055,-0.2291459893878989,270.0,5.602118820879701,1.6741736379640415,5.0,270.0,-0.2291459893878989,1.6741736379640415,75.0,47.0,15,165,5,210,270,miya0001,@geolonia,2010-06-20 10:08:16,USR,0,0,0.00000000,0.00000000,N,N,N,"Kushimoto-cho Higashimuro-gun, Wakayama, 649-3511, Japan"
GH_2567901,GH,2567901,6,65,5.0,1.791759469228055,-0.2291459893878989,6.0,1.9459101490553132,0.036773167625536785,5.0,6.0,-0.2291459893878989,0.036773167625536785,10.833333333333334,11.0,10,11,5,13,6,ZiFFeL1992,N,2013-09-19 07:02:32,USR,0,1,0.00000000,0.00000000,N,N,N,N
GH_2710410,GH,2710410,20,921,68.0,4.23410650459726,1.0169407117026703,272.0,5.60947179518496,1.6774666019785407,68.0,272.0,1.0169407117026703,1.6774666019785407,46.05,36.0,17,119,68,1057,272,jhades,N,2013-09-13 17:59:28,USR,0,0,0.00000000,0.00000000,N,N,N,N
GH_271879,GH,271879,7,1809,5.0,1.791759469228055,-0.2291459893878989,26.0,3.295836866004329,0.6413258175572744,5.0,26.0,-0.2291459893878989,0.6413258175572744,258.42857142857144,261.0,239,265,5,380,26,crazyserver,Moodle HQ,2011-01-11 07:23:18,USR,0,0,1.10662000,41.64740000,ES,Cataluña,Vilagrassa,Catalunya
GH_28332,GH,28332,5,192,41.0,3.7376696182833684,0.7636583595192356,36.0,3.6109179126442243,0.782432056361057,41.0,36.0,0.7636583595192356,0.782432056361057,38.4,23.0,20,81,41,815,36,farfromrefug,Akylas,2011-03-07 09:42:44,USR,0,0,2.35085000,48.85689000,FR,N,N,France
GH_2864361,GH,2864361,4,367,30.0,3.4339872044851463,0.6087194373640376,2044.0,7.623153068476902,2.57927581473193,30.0,2044.0,0.6087194373640376,2.57927581473193,91.75,89.5,46,142,30,867,2044,jaywcjlove,ʕ•̫͡•ʔ-̫͡-ʕ•͓͡•ʔ-̫͡-ʔ,2012-04-25 22:30:25,USR,0,0,121.43456000,31.21840000,CN,Shanghai,Shanghai,"Shanghai, China"
GH_2898943,GH,2898943,4,160,4.0,1.6094379124341003,-0.32216654050246735,2.0,1.0986122886681096,-0.34268162821425957,4.0,2.0,-0.32216654050246735,-0.34268162821425957,40.0,44.5,22,49,4,45,2,vicgua,N,2013-03-30 17:26:58,USR,0,0,0.00000000,0.00000000,N,N,N,N
GH_2985975,GH,2985975,10,750,11.0,2.4849066497880004,0.1244980550849229,41.0,3.7376696182833684,0.8391966781478604,11.0,41.0,0.1244980550849229,0.8391966781478604,75.0,77.0,10,140,11,82,41,electricessence,N,2013-11-10 01:00:30,USR,0,0,0.00000000,0.00000000,N,N,N,N
GH_2995258,GH,2995258,4,1006,25.0,3.258096538021482,0.5189799297705983,199.0,5.298317366548036,1.5381188640542218,25.0,199.0,0.5189799297705983,1.5381188640542218,251.5,252.5,248,253,25,317,199,alexjoverm,N,2013-10-16 12:34:53,USR,0,0,-0.48099000,38.34521000,ES,Comunidad Valenciana,Alicante,Alicante
GH_30351173,GH,30351173,5,151,15.0,2.772588722239781,0.271273594937779,202.0,5.313205979041787,1.5447865964754655,15.0,202.0,0.271273594937779,1.5447865964754655,30.2,24.0,11,55,15,229,202,web-flow,N,2016-06-10 22:16:20,USR,0,0,0.00000000,0.00000000,N,N,N,N
GH_3066619,GH,3066619,4,594,16.0,2.833213344056216,0.30220430785863345,0.0,0.0,-0.8346853511000264,16.0,0.0,0.30220430785863345,-0.8346853511000264,148.5,44.5,11,494,16,254,0,tristanMatthias,@songspace ,2012-10-13 05:26:30,USR,0,0,-122.42016000,37.78008000,US,CA,San Francisco,San Francisco
GH_30676877,GH,30676877,4,420,0.0,0.0,-1.143302582953508,24.0,3.2188758248682006,0.6068595011445522,0.0,24.0,-1.143302582953508,0.6068595011445522,105.0,93.0,32,202,0,0,24,vinitraj10,@groww,2016-08-06 12:25:29,USR,0,0,78.21435000,12.52627000,IN,Tamil Nadu,Krishnagiri,Banglore
GH_30685542,GH,30685542,5,153,0.0,0.0,-1.143302582953508,8.0,2.1972245773362196,0.14932209467150748,0.0,8.0,-1.143302582953508,0.14932209467150748,30.6,17.0,10,77,0,0,8,rafaelone,N,2016-08-25 18:00:11,USR,0,0,0.00000000,0.00000000,N,N,N,N
GH_30928477,GH,30928477,4,78,1.0,0.6931471805599453,-0.7896585384806861,0.0,0.0,-0.8346853511000264,1.0,0.0,-0.7896585384806861,-0.8346853511000264,19.5,21.0,12,24,1,2,0,RaulFerreira21,N,2016-09-09 11:59:57,USR,0,0,0.00000000,0.00000000,N,N,N,N
GH_31004,GH,31004,15,194,101.0,4.624972813284271,1.2163609014242422,206.0,5.332718793265369,1.5535252364315315,101.0,206.0,1.2163609014242422,1.5535252364315315,12.933333333333334,12.0,10,19,101,180,206,freewind,N,2010-07-16 05:19:20,USR,0,0,0.00000000,0.00000000,N,N,N,N
GH_31012670,GH,31012670,4,89,0.0,0.0,-1.143302582953508,0.0,0.0,-0.8346853511000264,0.0,0.0,-1.143302582953508,-0.8346853511000264,22.25,21.0,14,33,0,0,0,rgflsc,N,2016-02-12 10:40:26,USR,0,0,-48.54958000,-27.59691000,BR,Santa Catarina,Florianópolis,Florianopolis - Santa Catarina - Brasil
GH_31176371,GH,31176371,5,211,3.0,1.3862943611198906,-0.43601449400786446,0.0,0.0,-0.8346853511000264,3.0,0.0,-0.43601449400786446,-0.8346853511000264,42.2,36.0,12,95,3,39,0,pullmana8,N,2016-04-28 02:12:44,USR,0,0,-91.06031000,39.44358000,US,MO,Louisiana,Louisiana
GH_31178340,GH,31178340,7,300,0.0,0.0,-1.143302582953508,0.0,0.0,-0.8346853511000264,0.0,0.0,-1.143302582953508,-0.8346853511000264,42.857142857142854,24.0,11,145,0,0,0,Sagie501,N,2016-09-23 14:44:36,USR,0,0,0.00000000,0.00000000,N,N,N,N
GH_31230251,GH,31230251,6,430,84.0,4.442651256490317,1.1233403503096742,44.0,3.8066624897703196,0.8700945207937967,84.0,44.0,1.1233403503096742,0.8700945207937967,71.66666666666667,69.5,12,154,84,1777,44,WMXPY,@SudoDotDog,2013-07-25 02:18:17,USR,0,0,-80.99071000,35.77387000,US,NC,Statesville,Orbit
GH_31264752,GH,31264752,9,585,1.0,0.6931471805599453,-0.7896585384806861,0.0,0.0,-0.8346853511000264,1.0,0.0,-0.7896585384806861,-0.8346853511000264,65.0,65.0,65,65,1,26,0,OXJXCHPX,N,2016-09-29 17:37:51,USR,1,0,N,N,N,N,N,N
GH_314639,GH,314639,5,176,60.0,4.110873864173311,0.9540673558082059,22.0,3.1354942159291497,0.5695177906599979,60.0,22.0,0.9540673558082059,0.5695177906599979,35.2,38.0,12,58,60,148,22,marefr,@grafana ,2012-04-22 18:53:46,USR,0,0,18.06449000,59.33279000,SE,N,N,Sweden
GH_31532238,GH,31532238,4,123,0.0,0.0,-1.143302582953508,5.0,1.791759469228055,-0.032261840577702976,0.0,5.0,-1.143302582953508,-0.032261840577702976,30.75,31.5,11,49,0,0,5,gbdsantos,N,2016-08-16 15:54:02,USR,0,0,-46.63825000,-23.54867000,BR,São Paulo,São Paulo,São Paulo
GH_315569,GH,315569,4,353,0.0,0.0,-1.143302582953508,23.0,3.1780538303479458,0.5885777346954102,0.0,23.0,-1.143302582953508,0.5885777346954102,88.25,92.5,72,96,0,0,23,ZoltanVeres,N,2010-03-02 18:06:40,USR,0,0,22.87708000,47.79330000,RO,Satu Mare,Satu Mare,"Romania, Satu Mare"
GH_31594588,GH,31594588,4,68,2.0,1.0986122886681096,-0.5827900338607207,0.0,0.0,-0.8346853511000264,2.0,0.0,-0.5827900338607207,-0.8346853511000264,17.0,17.0,17,17,2,17,0,VBFCEPFS,N,2016-10-12 09:56:40,USR,1,0,N,N,N,N,N,N
GH_31650374,GH,31650374,4,172,20.0,3.044522437723423,0.4100143150464138,0.0,0.0,-0.8346853511000264,20.0,0.0,0.4100143150464138,-0.8346853511000264,43.0,43.0,26,60,20,401,0,VKXGGUHL,N,2016-10-14 12:50:30,USR,1,0,N,N,N,N,N,N
GH_3179415,GH,3179415,4,128,5.0,1.791759469228055,-0.2291459893878989,113.0,4.736198448394496,1.2863789160409407,5.0,113.0,-0.2291459893878989,1.2863789160409407,32.0,21.0,21,65,5,307,113,marcobiedermann,@moovel,2013-08-16 11:42:53,USR,0,0,13.41144000,52.52343000,DE,Berlin,Berlin,"Berlin, Germany"
GH_31944061,GH,31944061,11,575,2328.0,7.753194269884341,2.8123810814746415,0.0,0.0,-0.8346853511000264,2328.0,0.0,2.8123810814746415,-0.8346853511000264,52.27272727272727,51.0,19,134,2328,55540,0,greenkeeper[bot],N,2016-10-24 20:19:55,ORG,0,0,0.00000000,0.00000000,N,N,N,N
GH_32128539,GH,32128539,4,141,0.0,0.0,-1.143302582953508,10.0,2.3978952727983707,0.23919067730055255,0.0,10.0,-1.143302582953508,0.23919067730055255,35.25,35.5,15,55,0,0,10,arturmbrasil,N,2016-10-11 23:09:46,USR,0,0,-47.92574000,-15.77938000,BR,N,N,Brazil
GH_32145654,GH,32145654,10,1464,115.0,4.7535901911063645,1.2819815530811534,501.0,6.218600119691729,1.9502592936894898,115.0,501.0,1.2819815530811534,1.9502592936894898,146.4,158.5,30,161,115,3302,501,kamilmysliwiec,@nestjs ,2016-11-03 18:46:00,USR,0,0,21.00849000,52.23498000,PL,N,N,Poland
GH_3249347,GH,3249347,11,1064,55.0,4.02535169073515,0.9104338993720918,103.0,4.6443908991413725,1.2452637232768802,55.0,103.0,0.9104338993720918,1.2452637232768802,96.72727272727273,99.0,74,99,55,1008,103,LexZhukov,N,2012-03-18 23:05:07,USR,0,0,27.54942000,53.89769000,BY,Gorad Minsk,Minsk,"Minsk, Belarus"
GH_32766251,GH,32766251,10,147,29.0,3.4011973816621555,0.5919900530631418,12.0,2.5649493574615367,0.3140043603672106,29.0,12.0,0.5919900530631418,0.3140043603672106,14.7,15.0,10,22,29,252,12,terrencecrowley,N,2015-05-11 20:34:57,USR,0,0,0.00000000,0.00000000,N,N,N,N
GH_32956985,GH,32956985,4,212,3.0,1.3862943611198906,-0.43601449400786446,0.0,0.0,-0.8346853511000264,3.0,0.0,-0.43601449400786446,-0.8346853511000264,53.0,53.0,53,53,3,29,0,POVABKSB,N,2016-12-18 03:11:43,USR,1,0,N,N,N,N,N,N
GH_3322716,GH,3322716,8,1851,16.0,2.833213344056216,0.30220430785863345,2.0,1.0986122886681096,-0.34268162821425957,16.0,2.0,0.30220430785863345,-0.34268162821425957,231.375,101.0,36,877,16,700,2,zlkca,N,2014-02-03 02:38:35,USR,0,0,0.00000000,0.00000000,N,N,N,N
GH_33353573,GH,33353573,4,239,58.0,4.07753744390572,0.9370590972127469,1.0,0.6931471805599453,-0.5242655634634699,58.0,1.0,0.9370590972127469,-0.5242655634634699,59.75,43.5,18,134,58,2284,1,jwunderl,Microsoft,2013-10-05 04:56:25,USR,0,0,-122.12400000,47.67491000,US,WA,Redmond,Redmond
GH_33560316,GH,33560316,10,150,7.0,2.0794415416798357,-0.0823704495350428,4.0,1.6094379124341003,-0.11391292497773711,7.0,4.0,-0.0823704495350428,-0.11391292497773711,15.0,15.0,15,15,7,79,4,hryb,@akveoDev ,2017-01-03 15:00:03,USR,0,0,27.54942000,53.89769000,BY,N,N,Belarus
GH_33856227,GH,33856227,230,53110,3650.0,8.202756381655638,3.041747899817769,14.0,2.70805020110221,0.37809079790802985,3650.0,14.0,3.041747899817769,0.37809079790802985,230.91304347826087,126.0,10,5503,3650,372934,14,renovate-bot,@whitesource,2017-01-17 16:55:44,USR,0,0,0.00000000,0.00000000,N,N,N,N
GH_33861737,GH,33861737,4,213,1.0,0.6931471805599453,-0.7896585384806861,3.0,1.3862943611198906,-0.21384577582691333,1.0,3.0,-0.7896585384806861,-0.21384577582691333,53.25,51.0,14,97,1,7,3,menxit,Menxit,2016-09-22 19:10:14,USR,0,0,12.49427000,41.89056000,IT,Lazio,Rome,Rome
GH_34240777,GH,34240777,4,148,3.0,1.3862943611198906,-0.43601449400786446,17.0,2.8903717578961645,0.4597418823080639,3.0,17.0,-0.43601449400786446,0.4597418823080639,37.0,34.5,15,64,3,21,17,trickstival,N,2017-02-21 12:24:18,USR,0,0,-49.27325000,-25.42836000,BR,Paraná,Curitiba,"Curitiba, Paraná - Brasil"
GH_346774,GH,346774,7,192,2.0,1.0986122886681096,-0.5827900338607207,32.0,3.4965075614664802,0.7311944001863194,2.0,32.0,-0.5827900338607207,0.7311944001863194,27.428571428571427,16.0,11,56,2,74,32,fgimenez,@w3f,2009-04-04 03:25:45,USR,0,0,-3.70035000,40.41669000,ES,Community of Madrid,Madrid,"Madrid, Spain"
GH_3477005,GH,3477005,4,101,21.0,3.091042453358316,0.433748850711368,1.0,0.6931471805599453,-0.5242655634634699,21.0,1.0,0.433748850711368,-0.5242655634634699,25.25,20.0,10,51,21,89,1,scottarver,N,2014-02-19 19:10:51,USR,0,0,-93.21711000,30.22929000,US,LA,Lake Charles,"Lake Charles, La"
GH_35269915,GH,35269915,4,178,0.0,0.0,-1.143302582953508,3.0,1.3862943611198906,-0.21384577582691333,0.0,3.0,-1.143302582953508,-0.21384577582691333,44.5,37.5,10,93,0,0,3,DanielKovalevich,N,2014-08-06 19:12:40,USR,0,0,-122.12400000,47.67491000,US,WA,Redmond,"Redmond, Washington"
GH_3531170,GH,3531170,4,143,10.0,2.3978952727983707,0.0801048062385462,5.0,1.791759469228055,-0.032261840577702976,10.0,5.0,0.0801048062385462,-0.032261840577702976,35.75,33.5,14,62,10,57,5,papagian,N,2012-04-11 07:03:05,USR,0,0,25.48980000,35.35317000,GR,Kriti,Agios Nikolaos Kritis,"Heraklio, Crete"
GH_35405138,GH,35405138,5,1095,20.0,3.044522437723423,0.4100143150464138,0.0,0.0,-0.8346853511000264,20.0,0.0,0.4100143150464138,-0.8346853511000264,219.0,35.0,11,707,20,1274,0,sprout2000,Personal development,2017-04-15 01:45:42,USR,0,0,139.74946000,35.68696000,JP,N,N,Japan
GH_35628131,GH,35628131,8,193,672.0,6.511745329644728,2.178993200017528,0.0,0.0,-0.8346853511000264,672.0,0.0,2.178993200017528,-0.8346853511000264,24.125,23.0,23,32,672,12017,0,CVYDHOVH,N,2017-04-26 17:43:50,USR,1,1,N,N,N,N,N,N
GH_360543,GH,360543,11,1484,84.0,4.442651256490317,1.1233403503096742,98.0,4.59511985013459,1.2231981230720863,84.0,98.0,1.1233403503096742,1.2231981230720863,134.9090909090909,134.0,134,143,84,1685,98,nnixaa,@akveo ,2010-03-25 20:28:13,USR,0,0,27.54942000,53.89769000,BY,Minsk,Minsk,"Belarus, Minsk"
GH_36295914,GH,36295914,8,380,494.0,6.20455776256869,2.0222659468751614,0.0,0.0,-0.8346853511000264,494.0,0.0,2.0222659468751614,-0.8346853511000264,47.5,26.0,17,92,494,14444,0,UUNCGFYD,N,2017-06-02 20:26:51,USR,1,1,N,N,N,N,N,N
GH_36341192,GH,36341192,4,263,0.0,0.0,-1.143302582953508,0.0,0.0,-0.8346853511000264,0.0,0.0,-1.143302582953508,-0.8346853511000264,65.75,48.5,15,151,0,0,0,ndowmon,N,2015-10-26 22:52:25,USR,0,0,0.00000000,0.00000000,N,N,N,N
GH_367291,GH,367291,5,198,7.0,2.0794415416798357,-0.0823704495350428,12.0,2.5649493574615367,0.3140043603672106,7.0,12.0,-0.0823704495350428,0.3140043603672106,39.6,29.0,12,71,7,14,12,mckn,N,2009-12-28 08:45:49,USR,0,0,18.06449000,59.33279000,SE,N,Stockholm,"Stockholm, Sweden"
GH_368342,GH,368342,6,1046,0.0,0.0,-1.143302582953508,3.0,1.3862943611198906,-0.21384577582691333,0.0,3.0,-1.143302582953508,-0.21384577582691333,174.33333333333334,91.0,46,512,0,0,3,johnnyoshika,BC Jobs Online Inc.,2010-12-01 05:42:04,USR,0,0,-123.13857000,49.26357000,CA,BC,Vancouver,"Vancouver, Canada"
GH_37258928,GH,37258928,5,72,1.0,0.6931471805599453,-0.7896585384806861,1.0,0.6931471805599453,-0.5242655634634699,1.0,1.0,-0.7896585384806861,-0.5242655634634699,14.4,11.0,10,26,1,1,1,QueensCoder,Narrativ,2017-07-26 15:54:08,USR,0,0,-74.00723000,40.71305000,US,NY,New York,"New York, New York"
GH_37295257,GH,37295257,4,109,14.0,2.70805020110221,0.23834600859032004,0.0,0.0,-0.8346853511000264,14.0,0.0,0.23834600859032004,-0.8346853511000264,27.25,24.0,15,46,14,58,0,onichandame,Looking for Node.js jobs,2016-11-24 20:51:38,USR,0,0,121.43456000,31.21840000,CN,Shanghai,Shanghai,"Shanghai, China"
GH_37553385,GH,37553385,4,293,6.0,1.9459101490553132,-0.1504982340463736,3.0,1.3862943611198906,-0.21384577582691333,6.0,3.0,-0.1504982340463736,-0.21384577582691333,73.25,72.0,28,121,6,32,3,ivanahuckova,N,2017-07-24 10:34:40,USR,0,0,17.10688000,48.14640000,SK,Bratislava Region,Bratislava,"Bratislava, Slovakia"
GH_37761268,GH,37761268,4,630,24.0,3.2188758248682006,0.49896950194857326,0.0,0.0,-0.8346853511000264,24.0,0.0,0.49896950194857326,-0.8346853511000264,157.5,91.0,24,424,24,343,0,remorses,N,2017-08-24 18:10:29,USR,0,0,12.49427000,41.89056000,IT,N,N,italy
GH_37934145,GH,37934145,4,106,0.0,0.0,-1.143302582953508,0.0,0.0,-0.8346853511000264,0.0,0.0,-1.143302582953508,-0.8346853511000264,26.5,26.0,16,38,0,0,0,petruki,@trackerforce ,2017-09-03 19:31:45,USR,0,0,-75.69243000,45.42042000,CA,N,N,Canada
GH_37959082,GH,37959082,4,118,10.0,2.3978952727983707,0.0801048062385462,387.0,5.961005339623274,1.8348977670645972,10.0,387.0,0.0801048062385462,1.8348977670645972,29.5,28.0,16,46,10,345,387,transitive-bullshit,@saasify-sh,2011-01-08 03:13:42,USR,0,0,-78.33217000,42.03834000,US,NY,Portville,"Brooklyn, NY"
GH_38142616,GH,38142616,4,97,2.0,1.0986122886681096,-0.5827900338607207,3.0,1.3862943611198906,-0.21384577582691333,2.0,3.0,-0.5827900338607207,-0.21384577582691333,24.25,21.0,15,40,2,7,3,lbcosta,N,2017-09-12 19:59:01,USR,0,0,-38.98887000,-4.82145000,BR,Ceará,Quixadá,"Fortaleza, CE - Brazil"
GH_3827967,GH,3827967,4,193,29.0,3.4011973816621555,0.5919900530631418,0.0,0.0,-0.8346853511000264,29.0,0.0,0.5919900530631418,-0.8346853511000264,48.25,47.0,10,89,29,558,0,snerks,N,2014-04-17 10:13:56,USR,0,0,0.00000000,0.00000000,N,N,N,N
GH_3832251,GH,3832251,6,159,16.0,2.833213344056216,0.30220430785863345,8.0,2.1972245773362196,0.14932209467150748,16.0,8.0,0.30220430785863345,0.14932209467150748,26.5,23.5,12,61,16,472,8,Darzu,N,2014-01-20 18:42:21,USR,0,0,0.00000000,0.00000000,N,N,N,N
GH_38692275,GH,38692275,4,648,38.0,3.6635616461296463,0.7258484343905637,0.0,0.0,-0.8346853511000264,38.0,0.0,0.7258484343905637,-0.8346853511000264,162.0,44.5,11,548,38,325,0,lionyhw,@elecfreaks ,2017-10-10 07:05:02,USR,0,0,113.42129000,23.34977000,CN,Guangdong,N,"shenzhen,guangdong,china"
GH_38782239,GH,38782239,4,225,3.0,1.3862943611198906,-0.43601449400786446,15.0,2.772588722239781,0.40699379944619973,3.0,15.0,-0.43601449400786446,0.40699379944619973,56.25,42.0,27,114,3,14,15,zouharvi,MFF CUNI in Prague,2014-05-21 19:17:12,USR,0,0,14.42046000,50.08781000,CZ,N,N,Czech Republic
GH_39033759,GH,39033759,5,137,61.0,4.127134385045092,0.9623634818368594,39.0,3.6888794541139363,0.8173464379319326,61.0,39.0,0.9623634818368594,0.8173464379319326,27.4,26.0,12,54,61,1119,39,pedrouid,@WalletConnect ,2014-12-09 23:50:46,USR,0,0,-84.72119000,39.08386000,US,KY,Francisville,Worldwide
GH_39646159,GH,39646159,9,312,0.0,0.0,-1.143302582953508,3.0,1.3862943611198906,-0.21384577582691333,0.0,3.0,-1.143302582953508,-0.21384577582691333,34.666666666666664,31.0,13,82,0,0,3,tavareshenrique,@Zaal-Tecnologia,2017-04-07 17:47:33,USR,0,0,-47.92574000,-15.77938000,BR,N,N,Brazil
GH_40032644,GH,40032644,34,15289,764.0,6.639875833826536,2.244365448495249,1.0,0.6931471805599453,-0.5242655634634699,764.0,1.0,2.244365448495249,-0.5242655634634699,449.6764705882353,19.5,10,14095,764,6333,1,semantic-release-bot,@semantic-release,2017-09-21 17:06:24,USR,0,0,-5.27985000,6.82147000,CI,N,N,CI
GH_40146756,GH,40146756,4,48,0.0,0.0,-1.143302582953508,0.0,0.0,-0.8346853511000264,0.0,0.0,-1.143302582953508,-0.8346853511000264,12.0,10.0,10,18,0,0,0,indiaprivate,N,2017-12-19 07:34:25,USR,0,0,0.00000000,0.00000000,N,N,N,N
GH_4032239,GH,4032239,4,153,28.0,3.367295829986474,0.57469346413551,21.0,3.091042453358316,0.5496104649371092,28.0,21.0,0.57469346413551,0.5496104649371092,38.25,37.0,11,68,28,346,21,KamataRyo,"@tarosky, @geolonia, @kuno1 ",2013-12-31 08:43:10,USR,0,0,0.00000000,0.00000000,N,N,N,"Maibara-city, Shiga-pref., JAPAN"
GH_40554061,GH,40554061,4,151,3.0,1.3862943611198906,-0.43601449400786446,0.0,0.0,-0.8346853511000264,3.0,0.0,-0.43601449400786446,-0.8346853511000264,37.75,32.5,10,76,3,10,0,fbronchaly,N,2018-01-11 05:33:05,USR,0,0,0.00000000,0.00000000,N,N,N,N
GH_40557368,GH,40557368,4,92,2.0,1.0986122886681096,-0.5827900338607207,0.0,0.0,-0.8346853511000264,2.0,0.0,-0.5827900338607207,-0.8346853511000264,23.0,22.0,11,37,2,2,0,AgnesToulet,N,2018-01-06 19:26:59,USR,0,0,0.00000000,0.00000000,N,N,N,N
GH_405856,GH,405856,4,99,3.0,1.3862943611198906,-0.43601449400786446,78.0,4.3694478524670215,1.1221329300565235,3.0,78.0,-0.43601449400786446,1.1221329300565235,24.75,25.0,24,25,3,27,78,arey,Generali,2011-06-08 17:00:42,USR,0,0,2.35085000,48.85689000,FR,Île-de-France,Paris,Paris
GH_40618332,GH,40618332,5,91,5.0,1.791759469228055,-0.2291459893878989,1.0,0.6931471805599453,-0.5242655634634699,5.0,1.0,-0.2291459893878989,-0.5242655634634699,18.2,18.0,13,27,5,23,1,Mardoniosc,Tecnisys,2018-01-14 14:49:47,USR,0,0,-48.04504000,-15.76965000,BR,Federal District,Brasília,Brasilia - DF
GH_40973715,GH,40973715,6,445,0.0,0.0,-1.143302582953508,0.0,0.0,-0.8346853511000264,0.0,0.0,-1.143302582953508,-0.8346853511000264,74.16666666666667,72.0,49,98,0,0,0,luriel-xyz,N,2018-01-30 05:55:46,USR,0,0,120.59080000,16.41384000,PH,Cordillera Admin Region,Baguio City,"Baguio City, Philippines"
GH_40987195,GH,40987195,27,333,264.0,5.579729825986222,1.703478415467866,0.0,0.0,-0.8346853511000264,264.0,0.0,1.703478415467866,-0.8346853511000264,12.333333333333334,11.0,11,14,264,428,0,YYMOHHBY,N,2018-01-30 16:25:00,USR,1,0,N,N,N,N,N,N
GH_41082212,GH,41082212,4,63,12.0,2.5649493574615367,0.16533588529777643,4.0,1.6094379124341003,-0.11391292497773711,12.0,4.0,0.16533588529777643,-0.11391292497773711,15.75,16.0,10,21,12,315,4,tobysmith568,Trayport,2016-09-21 21:19:34,USR,0,0,-4.14265000,50.37038000,GB,ENG,Plymouth,"Plymouth, UK"
GH_41617050,GH,41617050,5,69,0.0,0.0,-1.143302582953508,0.0,0.0,-0.8346853511000264,0.0,0.0,-1.143302582953508,-0.8346853511000264,13.8,12.0,10,25,0,0,0,Darantir,N,2018-01-14 10:35:08,USR,0,0,0.00000000,0.00000000,N,N,N,N
GH_41973138,GH,41973138,6,71,0.0,0.0,-1.143302582953508,2.0,1.0986122886681096,-0.34268162821425957,0.0,2.0,-1.143302582953508,-0.34268162821425957,11.833333333333334,11.5,10,15,0,0,2,markobojkic,Faculty of Technical Sciences,2018-02-07 18:05:30,USR,0,0,20.46048000,44.81507000,RS,N,N,Serbia
GH_4265890,GH,4265890,4,80,2.0,1.0986122886681096,-0.5827900338607207,1.0,0.6931471805599453,-0.5242655634634699,2.0,1.0,-0.5827900338607207,-0.5242655634634699,20.0,20.0,13,27,2,7,1,gustaandrade,N,2014-06-10 09:22:41,USR,0,0,-46.63825000,-23.54867000,BR,São Paulo,São Paulo,São Paulo
GH_42703327,GH,42703327,4,173,2.0,1.0986122886681096,-0.5827900338607207,0.0,0.0,-0.8346853511000264,2.0,0.0,-0.5827900338607207,-0.8346853511000264,43.25,23.5,14,112,2,7,0,leandrovi,@bairesdev,2018-04-06 19:17:04,USR,0,0,-46.63825000,-23.54867000,BR,São Paulo,São Paulo,Sao Paulo - Brazil
GH_43610,GH,43610,7,257,32.0,3.4965075614664802,0.6406173553313335,58.0,4.07753744390572,0.991403455024542,32.0,58.0,0.6406173553313335,0.991403455024542,36.714285714285715,21.0,10,103,32,412,58,aiwilliams,@jupiterone-io ,2008-03-08 01:37:39,USR,0,0,-78.78114000,35.79147000,US,NC,Cary,"Cary, NC"
GH_43761397,GH,43761397,4,523,0.0,0.0,-1.143302582953508,0.0,0.0,-0.8346853511000264,0.0,0.0,-1.143302582953508,-0.8346853511000264,130.75,114.0,96,199,0,0,0,smcfall2,N,2014-10-08 16:10:03,USR,0,0,0.00000000,0.00000000,N,N,N,N
GH_43939835,GH,43939835,5,197,2.0,1.0986122886681096,-0.5827900338607207,0.0,0.0,-0.8346853511000264,2.0,0.0,-0.5827900338607207,-0.8346853511000264,39.4,24.0,11,100,2,5,0,correaleyval,UO,2017-10-07 22:52:00,USR,0,0,-75.82133000,20.02502000,CU,Santiago de Cuba,Santiago de Cuba,"Santiago de Cuba, Cuba"
GH_43990,GH,43990,4,58,4.0,1.6094379124341003,-0.32216654050246735,90.0,4.51085950651685,1.1854628790927737,4.0,90.0,-0.32216654050246735,1.1854628790927737,14.5,14.0,12,18,4,101,90,zoul,@cesko-digital,2009-06-14 18:28:09,USR,0,0,16.65876000,49.48855000,CZ,South Moravia,Boskovice,"Boskovice, Czech Republic"
GH_44249064,GH,44249064,4,72,8.0,2.1972245773362196,-0.0222774847679332,0.0,0.0,-0.8346853511000264,8.0,0.0,-0.0222774847679332,-0.8346853511000264,18.0,16.5,12,27,8,52,0,JuliaFong,N,2018-06-14 01:46:39,USR,0,0,-118.24334000,34.05224000,US,CA,Los Angeles,Los Angeles 
GH_4431464,GH,4431464,8,215,230.0,5.442417710521793,1.6334217042384678,78.0,4.3694478524670215,1.1221329300565235,230.0,78.0,1.6334217042384678,1.1221329300565235,26.875,27.0,26,27,230,2332,78,hwillson,@apollographql,2009-10-09 23:58:52,USR,0,0,-75.69243000,45.42042000,CA,ON,Ottawa,"Ottawa, Ontario, Canada"
GH_44319348,GH,44319348,4,351,43.0,3.784189633918261,0.7873928951841895,1.0,0.6931471805599453,-0.5242655634634699,43.0,1.0,0.7873928951841895,-0.5242655634634699,87.75,79.5,27,165,43,1616,1,vince-fugnitto,@eclipse-theia @theia-ide @ericsson,2018-06-18 12:59:26,USR,0,0,-73.55336000,45.50906000,CA,QC,Montreal,"Montreal, Canada"
GH_44545370,GH,44545370,5,83,45.0,3.828641396489095,0.8100722070827047,0.0,0.0,-0.8346853511000264,45.0,0.0,0.8100722070827047,-0.8346853511000264,16.6,15.0,10,24,45,140,0,SinghDigamber,positronX.io,2013-01-08 12:52:09,USR,0,0,77.21879000,28.63243000,IN,Delhi,New Delhi,New Delhi
GH_44826579,GH,44826579,5,144,52.0,3.970291913552122,0.8823423730168255,7.0,2.0794415416798357,0.09657401180964316,52.0,7.0,0.8823423730168255,0.09657401180964316,28.8,20.0,11,73,52,1120,7,timdeschryver,N,2017-05-12 19:45:02,USR,0,0,4.35571000,50.84554000,BE,N,N,Belgium
GH_44909642,GH,44909642,5,83,0.0,0.0,-1.143302582953508,0.0,0.0,-0.8346853511000264,0.0,0.0,-1.143302582953508,-0.8346853511000264,16.6,16.0,10,24,0,0,0,saijeevanballa,N,2018-07-18 01:50:34,USR,0,0,78.47517000,17.36172000,IN,Telangana,Hyderabad,Hyderabad
GH_45265623,GH,45265623,5,101,0.0,0.0,-1.143302582953508,0.0,0.0,-0.8346853511000264,0.0,0.0,-1.143302582953508,-0.8346853511000264,20.2,17.0,10,36,0,0,0,martinjoost,N,2018-08-07 00:29:46,USR,0,1,N,N,N,N,N,N
GH_455071,GH,455071,5,91,9.0,2.302585092994046,0.03147750397035456,4.0,1.6094379124341003,-0.11391292497773711,9.0,4.0,0.03147750397035456,-0.11391292497773711,18.2,14.0,11,31,9,13,4,robertourias,Nicoletti,2012-07-26 22:49:10,USR,0,0,-47.92574000,-15.77938000,BR,N,N,Brasil
GH_4591955,GH,4591955,4,45,95.0,4.564348191467836,1.185430188503388,16.0,2.833213344056216,0.43414399605322007,95.0,16.0,1.185430188503388,0.43414399605322007,11.25,11.5,10,12,95,1019,16,Anwesh43,,2014-01-28 17:07:52,USR,0,0,77.57528000,12.97675000,IN,Karnataka,Bengaluru,Bangalore
GH_46399889,GH,46399889,4,93,10.0,2.3978952727983707,0.0801048062385462,0.0,0.0,-0.8346853511000264,10.0,0.0,0.0801048062385462,-0.8346853511000264,23.25,22.5,11,37,10,51,0,igalM,N,2018-06-16 13:31:50,USR,0,0,0.00000000,0.00000000,N,N,N,N
GH_466518,GH,466518,5,381,16.0,2.833213344056216,0.30220430785863345,1.0,0.6931471805599453,-0.5242655634634699,16.0,1.0,0.30220430785863345,-0.5242655634634699,76.2,73.0,21,152,16,76,1,hugohaggmark,N,2011-01-13 07:21:01,USR,0,0,18.06449000,59.33279000,SE,N,N,Sweden
GH_46821155,GH,46821155,4,301,12.0,2.5649493574615367,0.16533588529777643,0.0,0.0,-0.8346853511000264,12.0,0.0,0.16533588529777643,-0.8346853511000264,75.25,75.0,29,122,12,104,0,CAPEVMGO,N,2018-10-14 12:49:43,USR,1,0,N,N,N,N,N,N
GH_47098907,GH,47098907,5,243,6.0,1.9459101490553132,-0.1504982340463736,0.0,0.0,-0.8346853511000264,6.0,0.0,-0.1504982340463736,-0.8346853511000264,48.6,15.0,12,172,6,46,0,diegomais,koper.com.br,2018-07-02 01:28:18,USR,0,0,-48.61199000,-27.09110000,BR,Santa Catarina,Itapema,"Itapema, Santa Catarina, Brazil"
GH_47291447,GH,47291447,4,190,1.0,0.6931471805599453,-0.7896585384806861,0.0,0.0,-0.8346853511000264,1.0,0.0,-0.7896585384806861,-0.8346853511000264,47.5,38.5,23,90,1,16,0,guicostaarantes,N,2014-04-02 12:02:26,USR,0,0,-43.93705000,-19.91818000,BR,Minas Gerais,Belo Horizonte,"Belo Horizonte, Brazil"
GH_48103450,GH,48103450,4,144,8.0,2.1972245773362196,-0.0222774847679332,0.0,0.0,-0.8346853511000264,8.0,0.0,-0.0222774847679332,-0.8346853511000264,36.0,34.0,11,65,8,38,0,kaydelaney,Grafana Labs,2018-12-03 11:33:27,USR,0,0,0.00000000,0.00000000,N,N,N,N
GH_48343157,GH,48343157,4,357,5.0,1.791759469228055,-0.2291459893878989,0.0,0.0,-0.8346853511000264,5.0,0.0,-0.2291459893878989,-0.8346853511000264,89.25,63.5,13,217,5,111,0,clearloop,N,2017-02-28 13:36:47,USR,0,0,6.33716000,45.67428000,FR,Auvergne-Rhône-Alpes,Mercury,Mercury
GH_48356519,GH,48356519,6,411,7.0,2.0794415416798357,-0.0823704495350428,0.0,0.0,-0.8346853511000264,7.0,0.0,-0.0823704495350428,-0.8346853511000264,68.5,59.0,40,130,7,47,0,XCNWTQAI,N,2018-12-20 20:50:05,USR,1,0,N,N,N,N,N,N
GH_48494734,GH,48494734,12,7369,37.0,3.6375861597263857,0.7125957280008802,0.0,0.0,-0.8346853511000264,37.0,0.0,0.7125957280008802,-0.8346853511000264,614.0833333333334,20.0,11,6882,37,475,0,actions-user,@actions,2020-05-25 17:35:50,USR,0,0,0.00000000,0.00000000,N,N,N,N
GH_48634300,GH,48634300,4,166,0.0,0.0,-1.143302582953508,0.0,0.0,-0.8346853511000264,0.0,0.0,-1.143302582953508,-0.8346853511000264,41.5,35.5,13,82,0,0,0,jamadeu,N,2018-07-06 12:15:42,USR,0,0,-47.06290000,-22.90737000,BR,São Paulo,Campinas,"Campinas, Brasil"
GH_48667283,GH,48667283,4,156,2.0,1.0986122886681096,-0.5827900338607207,0.0,0.0,-0.8346853511000264,2.0,0.0,-0.5827900338607207,-0.8346853511000264,39.0,29.0,29,69,2,30,0,WUTPGXAH,N,2019-01-08 21:28:02,USR,1,0,N,N,N,N,N,N
GH_49082595,GH,49082595,5,477,3.0,1.3862943611198906,-0.43601449400786446,0.0,0.0,-0.8346853511000264,3.0,0.0,-0.43601449400786446,-0.8346853511000264,95.4,85.0,83,135,3,15,0,corpglory-dev,CorpGlory,2019-01-26 11:22:39,USR,0,0,0.00000000,0.00000000,N,N,N,N
GH_4968089,GH,4968089,8,544,19.0,2.995732273553991,0.38512154844317614,7.0,2.0794415416798357,0.09657401180964316,19.0,7.0,0.38512154844317614,0.09657401180964316,68.0,68.0,68,68,19,580,7,trevorblades,@apollographql,2011-11-23 23:26:50,USR,0,0,-122.98170000,49.24377000,CA,BC,Burnaby,"Burnaby, British Columbia"
GH_5016101,GH,5016101,6,469,11.0,2.4849066497880004,0.1244980550849229,0.0,0.0,-0.8346853511000264,11.0,0.0,0.1244980550849229,-0.8346853511000264,78.16666666666667,44.0,13,190,11,469,0,garronej,@entrepreneur-interet-general,2014-02-17 06:50:48,USR,0,0,2.35085000,48.85689000,FR,N,N,France
GH_50215413,GH,50215413,6,178,24.0,3.2188758248682006,0.49896950194857326,0.0,0.0,-0.8346853511000264,24.0,0.0,0.49896950194857326,-0.8346853511000264,29.666666666666668,23.0,10,56,24,181,0,erkangz,@JupiterOne @lifeomic ,2017-05-18 14:02:40,USR,0,0,0.00000000,0.00000000,N,N,N,N
GH_50383735,GH,50383735,4,308,7.0,2.0794415416798357,-0.0823704495350428,0.0,0.0,-0.8346853511000264,7.0,0.0,-0.0823704495350428,-0.8346853511000264,77.0,58.5,46,145,7,14,0,eliseuvideira,N,2019-02-13 21:29:47,USR,0,0,0.00000000,0.00000000,N,N,N,N
GH_5039173,GH,5039173,5,86,0.0,0.0,-1.143302582953508,0.0,0.0,-0.8346853511000264,0.0,0.0,-1.143302582953508,-0.8346853511000264,17.2,14.0,11,28,0,0,0,leticiaenz,N,2014-09-03 22:58:20,USR,0,0,0.00000000,0.00000000,N,N,N,N
GH_50449700,GH,50449700,5,766,93.0,4.543294782270004,1.17468872841024,0.0,0.0,-0.8346853511000264,93.0,0.0,1.17468872841024,-0.8346853511000264,153.2,34.0,20,623,93,1967,0,DYQQOGRD,N,2019-04-03 06:21:29,USR,1,0,N,N,N,N,N,N
GH_50526323,GH,50526323,4,67,28.0,3.367295829986474,0.57469346413551,0.0,0.0,-0.8346853511000264,28.0,0.0,0.57469346413551,-0.8346853511000264,16.75,16.5,10,24,28,148,0,elijahjcobb,N,2015-04-22 21:55:22,USR,0,0,-85.60547000,44.75909000,US,MI,Traverse City,"Traverse City, MI"
GH_50555335,GH,50555335,5,79,2.0,1.0986122886681096,-0.5827900338607207,0.0,0.0,-0.8346853511000264,2.0,0.0,-0.5827900338607207,-0.8346853511000264,15.8,14.0,13,20,2,38,0,luminuszz,startapp,2019-03-13 22:35:37,USR,0,0,-89.19235000,13.69841000,SV,N,N,Salvador
GH_51083036,GH,51083036,4,677,7.0,2.0794415416798357,-0.0823704495350428,0.0,0.0,-0.8346853511000264,7.0,0.0,-0.0823704495350428,-0.8346853511000264,169.25,113.5,59,391,7,64,0,bravemaster619,N,2019-05-02 16:53:14,USR,0,0,0.00000000,0.00000000,N,N,N,N
GH_5116436,GH,5116436,10,696,178.0,5.187385805840755,1.503304296607738,62.0,4.143134726391533,1.0207806133970707,178.0,62.0,1.503304296607738,1.0207806133970707,69.6,12.0,11,494,178,10778,62,pelikhan,Microsoft,2013-04-16 21:36:56,USR,0,0,-122.33028000,47.60323000,US,WA,Seattle,"Seattle, WA"
GH_51589803,GH,51589803,4,89,2.0,1.0986122886681096,-0.5827900338607207,0.0,0.0,-0.8346853511000264,2.0,0.0,-0.5827900338607207,-0.8346853511000264,22.25,20.5,16,32,2,2,0,Mohit-Nain,Infosys Ltd.,2019-05-15 05:03:30,USR,0,0,0.00000000,0.00000000,N,N,N,N
GH_51697519,GH,51697519,49,2675,706.0,6.561030665896573,2.204138603669355,0.0,0.0,-0.8346853511000264,706.0,0.0,2.204138603669355,-0.8346853511000264,54.59183673469388,28.0,10,438,706,12975,0,renovate[bot],N,2017-06-02 07:04:12,ORG,0,0,0.00000000,0.00000000,N,N,N,N
GH_51697692,GH,51697692,7,568,132.0,4.890349128221754,1.351756032435193,0.0,0.0,-0.8346853511000264,132.0,0.0,1.351756032435193,-0.8346853511000264,81.14285714285714,71.0,17,225,132,6487,0,mergify[bot],N,2018-03-30 10:19:51,ORG,0,0,0.00000000,0.00000000,N,N,N,N
GH_51697751,GH,51697751,1803,44213,178875.0,12.094448107339282,5.027290999914323,0.0,0.0,-0.8346853511000264,178875.0,0.0,5.027290999914323,-0.8346853511000264,24.521907931225734,12.0,10,1188,178875,313688,0,dependabot[bot],N,2019-04-16 22:34:25,ORG,0,0,0.00000000,0.00000000,N,N,N,N
GH_51697753,GH,51697753,349,59245,3826.0,8.249836485425702,3.0657681927344846,0.0,0.0,-0.8346853511000264,3826.0,0.0,3.0657681927344846,-0.8346853511000264,169.756446991404,105.0,10,2544,3826,285454,0,dependabot-preview[bot],N,2017-04-21 12:03:36,ORG,0,0,0.00000000,0.00000000,N,N,N,N
GH_51702498,GH,51702498,7,850,94.0,4.553876891600541,1.1800877259790992,0.0,0.0,-0.8346853511000264,94.0,0.0,1.1800877259790992,-0.8346853511000264,121.42857142857143,100.0,24,296,94,1887,0,depfu[bot],N,2016-11-24 09:25:59,ORG,0,0,0.00000000,0.00000000,N,N,N,N
GH_51706678,GH,51706678,4,113,0.0,0.0,-1.143302582953508,0.0,0.0,-0.8346853511000264,0.0,0.0,-1.143302582953508,-0.8346853511000264,28.25,30.0,16,37,0,0,0,softwarewright,N,2019-03-30 16:11:02,USR,0,0,0.00000000,0.00000000,N,N,N,N
GH_51734854,GH,51734854,4,399,13.0,2.639057329615259,0.2031458104264483,0.0,0.0,-0.8346853511000264,13.0,0.0,0.2031458104264483,-0.8346853511000264,99.75,87.5,51,173,13,29,0,oddlittlebird,Grafana Labs,2019-06-21 03:28:41,USR,0,0,-122.60844000,45.35782000,US,OR,Oregon City,"Oregon, US"
GH_51738562,GH,51738562,5,402,11.0,2.4849066497880004,0.1244980550849229,0.0,0.0,-0.8346853511000264,11.0,0.0,0.1244980550849229,-0.8346853511000264,80.4,39.0,14,227,11,800,0,hrueger,N,2016-04-25 09:19:15,USR,0,0,-87.61510000,45.46683000,US,MI,Daggett,127.0.0.1
GH_51788017,GH,51788017,4,141,0.0,0.0,-1.143302582953508,0.0,0.0,-0.8346853511000264,0.0,0.0,-1.143302582953508,-0.8346853511000264,35.25,25.0,13,78,0,0,0,elvinciqueira,N,2018-08-22 21:05:52,USR,0,0,-47.92574000,-15.77938000,BR,N,N,Brazil
GH_51802612,GH,51802612,5,175,7.0,2.0794415416798357,-0.0823704495350428,0.0,0.0,-0.8346853511000264,7.0,0.0,-0.0823704495350428,-0.8346853511000264,35.0,29.0,15,78,7,94,0,mat-sz,N,2019-11-18 08:50:32,USR,0,0,0.00000000,0.00000000,N,N,N,N
GH_51819701,GH,51819701,4,71,0.0,0.0,-1.143302582953508,0.0,0.0,-0.8346853511000264,0.0,0.0,-1.143302582953508,-0.8346853511000264,17.75,16.5,10,28,0,0,0,chrisbmar,Stuart,2019-05-02 23:38:48,USR,0,0,2.16992000,41.38792000,ES,Catalonia,Barcelona,"Barcelona, Spain"
GH_51833414,GH,51833414,4,80,0.0,0.0,-1.143302582953508,0.0,0.0,-0.8346853511000264,0.0,0.0,-1.143302582953508,-0.8346853511000264,20.0,21.5,12,25,0,0,0,elanfraga,@Zaal-Tecnologia ,2017-02-13 14:03:17,USR,0,0,-43.20937000,-22.11819000,BR,Rio de Janeiro,Três Rios,Três Rios/RJ
GH_51875389,GH,51875389,4,141,2.0,1.0986122886681096,-0.5827900338607207,0.0,0.0,-0.8346853511000264,2.0,0.0,-0.5827900338607207,-0.8346853511000264,35.25,27.0,16,71,2,8,0,bbaktaeho,Incheon National University,2019-03-24 05:55:17,USR,0,0,99.93617000,9.53607000,TH,Surat Thani Province,Ko Samui,Anyang-ko
GH_51898554,GH,51898554,4,93,2.0,1.0986122886681096,-0.5827900338607207,0.0,0.0,-0.8346853511000264,2.0,0.0,-0.5827900338607207,-0.8346853511000264,23.25,20.5,19,33,2,26,0,matheusBCordeiro,Loghaus,2019-09-26 01:13:01,USR,0,1,N,N,N,N,N,N
GH_51963612,GH,51963612,4,157,1.0,0.6931471805599453,-0.7896585384806861,0.0,0.0,-0.8346853511000264,1.0,0.0,-0.7896585384806861,-0.8346853511000264,39.25,41.0,29,46,1,1,0,desmondmc,N,2012-09-10 17:16:43,USR,0,0,13.41144000,52.52343000,DE,Berlin,Berlin,"Berlin, Germany"
GH_52273090,GH,52273090,5,60,0.0,0.0,-1.143302582953508,0.0,0.0,-0.8346853511000264,0.0,0.0,-1.143302582953508,-0.8346853511000264,12.0,10.0,10,19,0,0,0,jvictorfarias,@OSFGlobal ,2014-01-13 23:35:54,USR,0,0,-39.29521000,-5.19750000,BR,Ceará,Quixeramobim,"Quixeramobim, Ceará - Brazil"
GH_52309942,GH,52309942,5,213,0.0,0.0,-1.143302582953508,0.0,0.0,-0.8346853511000264,0.0,0.0,-1.143302582953508,-0.8346853511000264,42.6,31.0,15,82,0,0,0,khakholin,Intabia,2019-08-28 02:34:18,USR,0,0,82.92800000,55.03168000,RU,Sibirskiy Federal'nyy Okrug,Novosibirsk,"Russia, Novosibirsk"
GH_52502346,GH,52502346,4,457,0.0,0.0,-1.143302582953508,0.0,0.0,-0.8346853511000264,0.0,0.0,-1.143302582953508,-0.8346853511000264,114.25,55.5,11,335,0,0,0,EdwinAlmendras,N,2019-12-16 21:38:31,USR,0,0,0.00000000,0.00000000,N,N,N,N
GH_52667810,GH,52667810,4,62,0.0,0.0,-1.143302582953508,0.0,0.0,-0.8346853511000264,0.0,0.0,-1.143302582953508,-0.8346853511000264,15.5,12.0,11,27,0,0,0,antrp93LCA,N,2017-07-21 20:50:40,USR,0,0,0.00000000,0.00000000,N,N,N,N
GH_52709919,GH,52709919,6,214,6.0,1.9459101490553132,-0.1504982340463736,0.0,0.0,-0.8346853511000264,6.0,0.0,-0.1504982340463736,-0.8346853511000264,35.666666666666664,24.5,10,113,6,124,0,RVPRGXWA,N,2020-01-14 12:09:42,USR,1,0,N,N,N,N,N,N
GH_52717643,GH,52717643,4,433,0.0,0.0,-1.143302582953508,0.0,0.0,-0.8346853511000264,0.0,0.0,-1.143302582953508,-0.8346853511000264,108.25,73.5,17,269,0,0,0,brianodermatt,Aposphere & EPFL,2016-02-08 15:51:31,USR,0,0,6.63213000,46.51963000,CH,Vaud,Lausanne,Lausanne CH
GH_52719455,GH,52719455,4,102,1.0,0.6931471805599453,-0.7896585384806861,0.0,0.0,-0.8346853511000264,1.0,0.0,-0.7896585384806861,-0.8346853511000264,25.5,27.0,14,34,1,23,0,EliasGcf,N,2019-05-14 16:55:10,USR,0,0,-42.39585000,-11.00983000,BR,Bahia,Itaguaçu da Bahia,Bahia - Brazil
GH_527405,GH,527405,7,481,3.0,1.3862943611198906,-0.43601449400786446,6.0,1.9459101490553132,0.036773167625536785,3.0,6.0,-0.43601449400786446,0.036773167625536785,68.71428571428571,62.0,62,91,3,76,6,albertgasset,N,2010-10-15 06:18:17,USR,0,0,2.16992000,41.38792000,ES,Cataluña,Barcelona,Barcelona
GH_52849599,GH,52849599,5,144,1.0,0.6931471805599453,-0.7896585384806861,0.0,0.0,-0.8346853511000264,1.0,0.0,-0.7896585384806861,-0.8346853511000264,28.8,28.0,25,34,1,1,0,Biphyl,N,2020-01-15 06:11:58,USR,0,0,0.00000000,0.00000000,N,N,N,N
GH_52887723,GH,52887723,4,306,1.0,0.6931471805599453,-0.7896585384806861,0.0,0.0,-0.8346853511000264,1.0,0.0,-0.7896585384806861,-0.8346853511000264,76.5,59.0,27,161,1,2,0,nathaliacristina20,@everis-innolab,2018-05-24 22:41:46,USR,0,0,-46.79943000,-23.59270000,BR,São Paulo,São Paulo,"São Paulo, SP, Brazil"
GH_52935346,GH,52935346,5,126,4.0,1.6094379124341003,-0.32216654050246735,0.0,0.0,-0.8346853511000264,4.0,0.0,-0.32216654050246735,-0.8346853511000264,25.2,21.0,14,40,4,29,0,Bryantellius,TrueCoders,2020-01-17 02:19:34,USR,0,0,-86.80770000,33.52286000,US,AL,Birmingham,"Birmingham, AL"
GH_53017014,GH,53017014,5,143,0.0,0.0,-1.143302582953508,0.0,0.0,-0.8346853511000264,0.0,0.0,-1.143302582953508,-0.8346853511000264,28.6,12.0,10,89,0,0,0,ARTHURPC03,N,2019-09-10 17:44:06,USR,0,0,0.00000000,0.00000000,N,N,N,N
GH_53094343,GH,53094343,10,807,130.0,4.875197323201151,1.3440255737983693,0.0,0.0,-0.8346853511000264,130.0,0.0,1.3440255737983693,-0.8346853511000264,80.7,55.5,10,215,130,1752,0,github-actions[bot],N,2018-07-30 09:30:16,ORG,0,0,0.00000000,0.00000000,N,N,N,N
GH_53095746,GH,53095746,6,180,104.0,4.653960350157523,1.2311503574974543,0.0,0.0,-0.8346853511000264,104.0,0.0,1.2311503574974543,-0.8346853511000264,30.0,21.0,10,78,104,725,0,allcontributors[bot],N,2019-01-07 12:57:03,ORG,0,0,0.00000000,0.00000000,N,N,N,N
GH_53669817,GH,53669817,9,290,0.0,0.0,-1.143302582953508,0.0,0.0,-0.8346853511000264,0.0,0.0,-1.143302582953508,-0.8346853511000264,32.22222222222222,16.0,13,76,0,0,0,rubensojunior,N,2019-02-22 17:47:59,USR,0,0,-37.09321000,-6.46569000,BR,Rio Grande do Norte,Caicó,Caicó/RN - Brasil
GH_53783540,GH,53783540,4,99,2.0,1.0986122886681096,-0.5827900338607207,0.0,0.0,-0.8346853511000264,2.0,0.0,-0.5827900338607207,-0.8346853511000264,24.75,22.5,21,33,2,20,0,DKNMRFUW,N,2020-01-30 07:33:56,USR,1,0,N,N,N,N,N,N
GH_53807150,GH,53807150,4,119,0.0,0.0,-1.143302582953508,0.0,0.0,-0.8346853511000264,0.0,0.0,-1.143302582953508,-0.8346853511000264,29.75,25.0,15,54,0,0,0,andrecampll,@mudi-saude,2019-08-10 15:13:20,USR,0,0,-48.50227000,-1.45498000,BR,Pará,Belém,Belém
GH_53837494,GH,53837494,7,77,2.0,1.0986122886681096,-0.5827900338607207,0.0,0.0,-0.8346853511000264,2.0,0.0,-0.5827900338607207,-0.8346853511000264,11.0,11.0,11,11,2,10,0,vtexcoursemaker,@vtex,2019-12-30 19:06:21,USR,0,1,N,N,N,N,N,N
GH_5386272,GH,5386272,12,620,85.0,4.454347296253507,1.1293076757524876,463.0,6.139884552226255,1.9150072282961286,85.0,463.0,1.1293076757524876,1.9150072282961286,51.666666666666664,59.0,22,82,85,596,463,jgw96,@Microsoft,2014-09-18 14:45:30,USR,0,0,-122.19093000,47.61370000,US,WA,Bellevue,Bellevue
GH_53975853,GH,53975853,4,93,0.0,0.0,-1.143302582953508,0.0,0.0,-0.8346853511000264,0.0,0.0,-1.143302582953508,-0.8346853511000264,23.25,17.5,15,43,0,0,0,cnfreitax,SENAI ,2020-01-21 18:57:16,USR,0,0,-46.63825000,-23.54867000,BR,São Paulo,São Paulo,São Paulo - Brazil
GH_53991051,GH,53991051,4,100,2.0,1.0986122886681096,-0.5827900338607207,0.0,0.0,-0.8346853511000264,2.0,0.0,-0.5827900338607207,-0.8346853511000264,25.0,20.5,12,47,2,29,0,billodiallo,Malobi,2015-02-23 17:09:57,USR,0,0,36.82003000,-1.28579000,KE,Nairobi,Nairobi,Nairobi
GH_54026518,GH,54026518,4,96,7.0,2.0794415416798357,-0.0823704495350428,0.0,0.0,-0.8346853511000264,7.0,0.0,-0.0823704495350428,-0.8346853511000264,24.0,23.0,12,38,7,63,0,QTRKHSYS,N,2020-02-06 14:55:11,USR,1,0,N,N,N,N,N,N
GH_54132545,GH,54132545,5,70,1.0,0.6931471805599453,-0.7896585384806861,0.0,0.0,-0.8346853511000264,1.0,0.0,-0.7896585384806861,-0.8346853511000264,14.0,11.0,11,24,1,1,0,INROGXGM,N,2020-02-08 04:55:22,USR,1,0,N,N,N,N,N,N
GH_54188005,GH,54188005,4,141,0.0,0.0,-1.143302582953508,0.0,0.0,-0.8346853511000264,0.0,0.0,-1.143302582953508,-0.8346853511000264,35.25,37.5,21,45,0,0,0,amj100,N,2019-06-20 07:06:26,USR,0,0,0.00000000,0.00000000,N,N,N,N
GH_54673331,GH,54673331,6,142,1.0,0.6931471805599453,-0.7896585384806861,0.0,0.0,-0.8346853511000264,1.0,0.0,-0.7896585384806861,-0.8346853511000264,23.666666666666668,23.0,10,39,1,6,0,melissagovender9701,N,2019-10-24 13:54:25,USR,0,0,0.00000000,0.00000000,N,N,N,N
GH_55200900,GH,55200900,5,314,2.0,1.0986122886681096,-0.5827900338607207,0.0,0.0,-0.8346853511000264,2.0,0.0,-0.5827900338607207,-0.8346853511000264,62.8,64.0,15,111,2,89,0,greatSumini,생각하는머글들,2019-03-14 12:04:16,USR,0,0,126.99778000,37.56829000,KR,Seoul-Jikhalsi,Seoul,"Seoul, Sinchon"
GH_55219692,GH,55219692,4,68,0.0,0.0,-1.143302582953508,0.0,0.0,-0.8346853511000264,0.0,0.0,-1.143302582953508,-0.8346853511000264,17.0,15.0,11,27,0,0,0,HPVTSAYT,N,2020-02-24 15:00:56,USR,1,0,N,N,N,N,N,N
GH_55413169,GH,55413169,7,101,0.0,0.0,-1.143302582953508,0.0,0.0,-0.8346853511000264,0.0,0.0,-1.143302582953508,-0.8346853511000264,14.428571428571429,13.0,10,24,0,0,0,DjailinVasu,N,2019-04-02 19:54:17,USR,0,0,0.00000000,0.00000000,N,N,N,N
GH_55426271,GH,55426271,6,147,0.0,0.0,-1.143302582953508,0.0,0.0,-0.8346853511000264,0.0,0.0,-1.143302582953508,-0.8346853511000264,24.5,26.0,13,30,0,0,0,LilianLourenco,N,2019-11-05 12:39:41,USR,0,0,0.00000000,0.00000000,N,N,N,N
GH_5556969,GH,5556969,34,4111,29.0,3.4011973816621555,0.5919900530631418,3202.0,8.071843149609158,2.780217668938403,29.0,3202.0,0.5919900530631418,2.780217668938403,120.91176470588235,92.0,13,223,29,454,3202,DeborahK,N,2014-06-25 13:31:31,USR,0,0,-121.88814000,37.33479000,US,CA,San Jose,"San Francisco/Silicon Valley, CA"
GH_55769999,GH,55769999,4,51,0.0,0.0,-1.143302582953508,0.0,0.0,-0.8346853511000264,0.0,0.0,-1.143302582953508,-0.8346853511000264,12.75,12.5,11,15,0,0,0,Gasorey,N,2020-02-04 21:42:44,USR,0,0,-45.88724000,-23.17914000,BR,São Paulo,Sao José Dos Campos,"Brazil, São Paulo, São José dos Campos"
GH_55837957,GH,55837957,4,80,3.0,1.3862943611198906,-0.43601449400786446,0.0,0.0,-0.8346853511000264,3.0,0.0,-0.43601449400786446,-0.8346853511000264,20.0,20.0,20,20,3,5,0,COKSCBSJ,N,2020-03-19 12:58:34,USR,1,0,N,N,N,N,N,N
GH_55868545,GH,55868545,6,228,0.0,0.0,-1.143302582953508,0.0,0.0,-0.8346853511000264,0.0,0.0,-1.143302582953508,-0.8346853511000264,38.0,24.5,14,96,0,0,0,leon-carvalho,N,2020-03-10 18:36:58,USR,0,0,0.00000000,0.00000000,N,N,N,N
GH_55887580,GH,55887580,4,201,3.0,1.3862943611198906,-0.43601449400786446,0.0,0.0,-0.8346853511000264,3.0,0.0,-0.43601449400786446,-0.8346853511000264,50.25,27.0,12,135,3,176,0,balintkiraly,N,2020-03-21 16:31:09,USR,0,0,19.04055000,47.49814000,HU,Budapest,Budapest,"Budapest, Hungary"
GH_560023,GH,560023,5,177,17.0,2.8903717578961645,0.3313665597048884,26.0,3.295836866004329,0.6413258175572744,17.0,26.0,0.3313665597048884,0.6413258175572744,35.4,20.0,12,108,17,190,26,MasterOdin,CISL,2012-06-13 04:02:01,USR,0,0,-73.69106000,42.72768000,US,NY,Troy,"Troy, NY"
GH_56005121,GH,56005121,6,340,1.0,0.6931471805599453,-0.7896585384806861,0.0,0.0,-0.8346853511000264,1.0,0.0,-0.7896585384806861,-0.8346853511000264,56.666666666666664,51.5,42,88,1,15,0,devboldly,N,2019-09-03 23:17:59,USR,0,0,-97.74660000,30.26498000,US,TX,Austin,"Austin, TX"
GH_56160681,GH,56160681,4,160,1.0,0.6931471805599453,-0.7896585384806861,0.0,0.0,-0.8346853511000264,1.0,0.0,-0.7896585384806861,-0.8346853511000264,40.0,40.0,40,40,1,10,0,lipelipe2,N,2020-03-19 09:34:25,USR,0,0,0.00000000,0.00000000,N,N,N,N
GH_56255770,GH,56255770,4,352,0.0,0.0,-1.143302582953508,0.0,0.0,-0.8346853511000264,0.0,0.0,-1.143302582953508,-0.8346853511000264,88.0,80.5,38,153,0,0,0,kimmeleon,N,2016-01-19 01:06:56,USR,0,0,0.00000000,0.00000000,N,N,N,N
GH_56380799,GH,56380799,5,179,0.0,0.0,-1.143302582953508,0.0,0.0,-0.8346853511000264,0.0,0.0,-1.143302582953508,-0.8346853511000264,35.8,42.0,10,66,0,0,0,zevdvlpr,N,2018-10-18 22:59:57,USR,0,0,-47.92574000,-15.77938000,BR,N,N,Brazil
GH_56588906,GH,56588906,6,280,0.0,0.0,-1.143302582953508,0.0,0.0,-0.8346853511000264,0.0,0.0,-1.143302582953508,-0.8346853511000264,46.666666666666664,31.5,13,127,0,0,0,ryoshii,N,2013-12-04 22:52:09,USR,0,0,0.00000000,0.00000000,N,N,N,N
GH_56665530,GH,56665530,4,199,0.0,0.0,-1.143302582953508,0.0,0.0,-0.8346853511000264,0.0,0.0,-1.143302582953508,-0.8346853511000264,49.75,22.0,11,144,0,0,0,johnwr-response,N,2019-07-07 13:42:34,USR,0,0,0.00000000,0.00000000,N,N,N,N
GH_56857483,GH,56857483,4,49,1.0,0.6931471805599453,-0.7896585384806861,0.0,0.0,-0.8346853511000264,1.0,0.0,-0.7896585384806861,-0.8346853511000264,12.25,12.0,12,13,1,8,0,VLXFDWIN,N,2020-04-19 12:37:36,USR,1,0,N,N,N,N,N,N
GH_56857484,GH,56857484,4,51,1.0,0.6931471805599453,-0.7896585384806861,0.0,0.0,-0.8346853511000264,1.0,0.0,-0.7896585384806861,-0.8346853511000264,12.75,12.0,12,15,1,11,0,Nbeites,N,2019-07-09 23:36:20,USR,0,0,0.00000000,0.00000000,N,N,N,N
GH_56857485,GH,56857485,4,40,1.0,0.6931471805599453,-0.7896585384806861,0.0,0.0,-0.8346853511000264,1.0,0.0,-0.7896585384806861,-0.8346853511000264,10.0,10.0,10,10,1,1,0,VitorMarquesGit,N,2020-03-19 09:37:10,USR,0,0,0.00000000,0.00000000,N,N,N,N
GH_56857486,GH,56857486,4,140,1.0,0.6931471805599453,-0.7896585384806861,0.0,0.0,-0.8346853511000264,1.0,0.0,-0.7896585384806861,-0.8346853511000264,35.0,36.0,32,36,1,9,0,DanielTavares6,N,2020-03-19 09:38:17,USR,0,0,0.00000000,0.00000000,N,N,N,N
GH_56857488,GH,56857488,4,60,1.0,0.6931471805599453,-0.7896585384806861,0.0,0.0,-0.8346853511000264,1.0,0.0,-0.7896585384806861,-0.8346853511000264,15.0,15.0,15,15,1,10,0,VascoGomes,N,2020-03-19 09:37:48,USR,0,0,0.00000000,0.00000000,N,N,N,N
GH_56857491,GH,56857491,4,80,1.0,0.6931471805599453,-0.7896585384806861,0.0,0.0,-0.8346853511000264,1.0,0.0,-0.7896585384806861,-0.8346853511000264,20.0,20.0,20,20,1,5,0,AnaTome225,N,2020-03-19 09:47:47,USR,0,0,0.00000000,0.00000000,N,N,N,N
GH_56857506,GH,56857506,4,138,1.0,0.6931471805599453,-0.7896585384806861,0.0,0.0,-0.8346853511000264,1.0,0.0,-0.7896585384806861,-0.8346853511000264,34.5,35.0,33,35,1,19,0,fbastias,N,2020-03-19 09:43:18,USR,0,0,-9.13564000,38.70701000,PT,N,N,Portugal
GH_56965457,GH,56965457,4,124,0.0,0.0,-1.143302582953508,0.0,0.0,-0.8346853511000264,0.0,0.0,-1.143302582953508,-0.8346853511000264,31.0,27.5,25,44,0,0,0,LavaToaster,@Poniverse / @Volo-ai,2011-06-08 21:29:00,USR,0,0,-0.12624000,51.50015000,GB,ENG,London,"London, United Kingdom"
GH_56972081,GH,56972081,4,83,0.0,0.0,-1.143302582953508,0.0,0.0,-0.8346853511000264,0.0,0.0,-1.143302582953508,-0.8346853511000264,20.75,20.0,13,30,0,0,0,theodoreschen,N,2012-10-24 22:01:20,USR,0,0,-77.01991000,38.89206000,US,DC,Washington,Washington DC
GH_57049107,GH,57049107,4,160,1.0,0.6931471805599453,-0.7896585384806861,0.0,0.0,-0.8346853511000264,1.0,0.0,-0.7896585384806861,-0.8346853511000264,40.0,32.5,10,85,1,9,0,michaelchan0101,N,2015-01-07 08:42:06,USR,0,0,0.46450000,45.28234000,FR,Nouvelle-Aquitaine,Grand-Brassac,Shenzhen
GH_57055953,GH,57055953,4,57,0.0,0.0,-1.143302582953508,0.0,0.0,-0.8346853511000264,0.0,0.0,-1.143302582953508,-0.8346853511000264,14.25,15.0,11,16,0,0,0,RPTGTACE,N,2020-04-22 14:35:33,USR,1,0,N,N,N,N,N,N
GH_57147301,GH,57147301,4,545,0.0,0.0,-1.143302582953508,0.0,0.0,-0.8346853511000264,0.0,0.0,-1.143302582953508,-0.8346853511000264,136.25,158.0,24,205,0,0,0,TAKU1022,N,2020-04-16 01:27:29,USR,0,0,0.00000000,0.00000000,N,N,N,N
GH_57164646,GH,57164646,4,76,0.0,0.0,-1.143302582953508,0.0,0.0,-0.8346853511000264,0.0,0.0,-1.143302582953508,-0.8346853511000264,19.0,16.5,10,33,0,0,0,axiiomatic,N,2017-10-28 14:46:05,USR,0,1,N,N,N,N,N,N
GH_57221288,GH,57221288,5,141,2.0,1.0986122886681096,-0.5827900338607207,0.0,0.0,-0.8346853511000264,2.0,0.0,-0.5827900338607207,-0.8346853511000264,28.2,25.0,18,45,2,41,0,adam-on-the-internet,N,2016-02-26 00:17:07,USR,0,0,-93.62031000,41.58882000,US,IA,Des Moines,"Des Moines, Iowa"
GH_57298097,GH,57298097,7,106,1.0,0.6931471805599453,-0.7896585384806861,0.0,0.0,-0.8346853511000264,1.0,0.0,-0.7896585384806861,-0.8346853511000264,15.142857142857142,15.0,11,21,1,1,0,ganatan,ganatan,2017-10-20 12:22:52,USR,0,0,2.35085000,48.85689000,FR,N,N,France
GH_57452102,GH,57452102,5,74,1.0,0.6931471805599453,-0.7896585384806861,0.0,0.0,-0.8346853511000264,1.0,0.0,-0.7896585384806861,-0.8346853511000264,14.8,11.0,10,30,1,1,0,RenanContiero,TecnoRobot,2019-08-13 03:44:56,USR,0,0,-46.79943000,-23.59270000,BR,São Paulo,São Paulo,"São Paulo,Sp"
GH_57626274,GH,57626274,4,316,0.0,0.0,-1.143302582953508,0.0,0.0,-0.8346853511000264,0.0,0.0,-1.143302582953508,-0.8346853511000264,79.0,38.0,11,229,0,0,0,ivid-123,N,2020-04-15 10:23:47,USR,0,0,0.00000000,0.00000000,N,N,N,N
GH_5764929,GH,5764929,4,312,32.0,3.4965075614664802,0.6406173553313335,14.0,2.70805020110221,0.37809079790802985,32.0,14.0,0.6406173553313335,0.37809079790802985,78.0,38.0,24,212,32,398,14,JacksonKearl,@microsoft,2014-08-29 01:45:30,USR,0,0,-117.87336000,33.60877000,US,CA,Newport Beach,"Newport Beach, CA"
GH_58037215,GH,58037215,4,109,0.0,0.0,-1.143302582953508,0.0,0.0,-0.8346853511000264,0.0,0.0,-1.143302582953508,-0.8346853511000264,27.25,20.5,12,56,0,0,0,GHUFXISM,N,2020-05-15 20:25:55,USR,1,0,N,N,N,N,N,N
GH_5805052,GH,5805052,5,518,52.0,3.970291913552122,0.8823423730168255,14059.0,9.551089165364656,3.442684814375103,52.0,14059.0,0.8823423730168255,3.442684814375103,103.6,68.0,32,247,52,1420,14059,phodal,@ThoughtWorksInc,2010-11-08 10:46:51,USR,0,0,120.16807000,30.25192000,CN,Zhejiang,Hangzhou,"Shanghai / Hangzhou, China"
GH_5840967,GH,5840967,4,53,89.0,4.499809670330265,1.152502602155929,41.0,3.7376696182833684,0.8391966781478604,89.0,41.0,1.152502602155929,0.8391966781478604,13.25,13.0,12,15,89,1636,41,chrmarti,@Microsoft,2014-10-13 22:17:08,USR,0,0,0.00000000,0.00000000,N,N,N,N
GH_5916265,GH,5916265,8,610,25.0,3.258096538021482,0.5189799297705983,12.0,2.5649493574615367,0.3140043603672106,25.0,12.0,0.5189799297705983,0.3140043603672106,76.25,78.0,71,78,25,626,12,JakeDawkins,@apollographql ,2014-10-15 21:29:21,USR,0,0,-74.00723000,40.71305000,US,NY,New York,"New York, NY"
GH_6059,GH,6059,46,1354,2493.0,7.821643126239982,2.8473037228415055,885.0,6.786716950605081,2.204685353480156,2493.0,885.0,2.8473037228415055,2.204685353480156,29.434782608695652,19.5,10,267,2493,15681,885,invalid-email-address,N,2009-11-03 02:48:38,USR,0,0,0.00000000,0.00000000,N,N,N,N
GH_606908,GH,606908,4,145,19.0,2.995732273553991,0.38512154844317614,10.0,2.3978952727983707,0.23919067730055255,19.0,10.0,0.38512154844317614,0.23919067730055255,36.25,37.5,14,56,19,121,10,aocenas,N,2011-08-30 13:50:22,USR,0,0,0.00000000,0.00000000,N,N,N,N
GH_60723425,GH,60723425,4,187,0.0,0.0,-1.143302582953508,0.0,0.0,-0.8346853511000264,0.0,0.0,-1.143302582953508,-0.8346853511000264,46.75,31.0,16,109,0,0,0,agyemanjp,Danfort Systems Ltd.,2013-06-03 21:37:07,USR,0,0,-122.33028000,47.60323000,US,WA,Seattle,Seattle
GH_6139690,GH,6139690,4,285,6.0,1.9459101490553132,-0.1504982340463736,36.0,3.6109179126442243,0.782432056361057,6.0,36.0,-0.1504982340463736,0.782432056361057,71.25,49.0,10,177,6,24,36,charlieduong94,N,2014-11-07 17:33:29,USR,0,0,-78.89902000,35.99695000,US,NC,Durham,"Durham, NC"
GH_61937207,GH,61937207,4,184,0.0,0.0,-1.143302582953508,0.0,0.0,-0.8346853511000264,0.0,0.0,-1.143302582953508,-0.8346853511000264,46.0,41.5,13,88,0,0,0,SaxanLosterToreda,N,2020-08-28 20:14:17,USR,0,0,N,N,N,N,N,N
GH_62143,GH,62143,10,324,98.0,4.59511985013459,1.2011299044241208,688.0,6.535241271013659,2.0920642114718073,98.0,688.0,1.2011299044241208,2.0920642114718073,32.4,36.0,11,50,98,2323,688,manucorporat,Ionic Framework Team,2009-09-15 16:23:41,USR,0,0,-3.70035000,40.41669000,ES,N,N,Spain
GH_645951,GH,645951,24,296,6.0,1.9459101490553132,-0.1504982340463736,17.0,2.8903717578961645,0.4597418823080639,6.0,17.0,-0.1504982340463736,0.4597418823080639,12.333333333333334,12.0,12,14,6,68,17,acbart,University of Delaware,2011-07-06 01:10:18,USR,0,0,-75.75361000,39.68166000,US,DE,Newark,"Newark, DE"
GH_6467080,GH,6467080,4,109,32.0,3.4965075614664802,0.6406173553313335,22.0,3.1354942159291497,0.5695177906599979,32.0,22.0,0.6406173553313335,0.5695177906599979,27.25,24.0,10,51,32,260,22,sajadtorkamani,N,2014-10-24 09:14:12,USR,0,0,-0.12624000,51.50015000,GB,ENG,London,London
GH_650183,GH,650183,4,119,19.0,2.995732273553991,0.38512154844317614,3.0,1.3862943611198906,-0.21384577582691333,19.0,3.0,0.38512154844317614,-0.21384577582691333,29.75,28.5,14,48,19,57,3,peterholmberg,@grafana ,2011-07-29 06:04:01,USR,0,0,18.06449000,59.33279000,SE,N,Stockholm,"Stockholm, Sweden"
GH_6504133,GH,6504133,4,288,1.0,0.6931471805599453,-0.7896585384806861,2.0,1.0986122886681096,-0.34268162821425957,1.0,2.0,-0.7896585384806861,-0.34268162821425957,72.0,21.0,18,228,1,2,2,chadlavi,@Casecommons,2014-04-08 12:30:07,USR,0,0,-78.33217000,42.03834000,US,NY,Portville,"Brooklyn, NY"
GH_6549865,GH,6549865,5,304,29.0,3.4011973816621555,0.5919900530631418,2.0,1.0986122886681096,-0.34268162821425957,29.0,2.0,0.5919900530631418,-0.34268162821425957,60.8,50.0,21,114,29,230,2,parky128,N,2015-01-02 15:02:23,USR,0,0,-1.28488000,53.34100000,GB,ENG,Sheffield,"South Wales, UK"
GH_6595467,GH,6595467,13,884,70.0,4.2626798770413155,1.0315188608732133,11.0,2.4849066497880004,0.2781579470588536,70.0,11.0,1.0315188608732133,0.2781579470588536,68.0,71.0,42,81,70,2240,11,xgirma,N,2013-11-07 04:19:48,USR,0,0,0.00000000,0.00000000,N,N,N,N
GH_690024,GH,690024,5,466,278.0,5.631211781821365,1.7297445355496122,580.0,6.364750756851911,2.0157115540789237,278.0,580.0,1.7297445355496122,2.0157115540789237,93.2,122.0,16,155,278,5768,580,Tyriar,@Microsoft,2012-08-21 23:52:44,USR,0,0,-122.33028000,47.60323000,US,WA,Seattle,"Seattle, WA"
GH_6943680,GH,6943680,5,207,2.0,1.0986122886681096,-0.5827900338607207,8.0,2.1972245773362196,0.14932209467150748,2.0,8.0,-0.5827900338607207,0.14932209467150748,41.4,26.0,11,74,2,60,8,Clarity-89,@grafana ,2014-09-23 12:38:40,USR,0,0,24.93813000,60.16981000,FI,Uusimaa,Helsinki,"Helsinki, Finland "
GH_6949588,GH,6949588,7,441,240.0,5.484796933490655,1.6550436053767175,87.0,4.477336814478207,1.1704500402102223,240.0,87.0,1.6550436053767175,1.1704500402102223,63.0,24.0,10,222,240,4783,87,sandy081,Microsoft,2015-01-28 18:36:38,USR,0,0,8.53803000,47.36902000,CH,Zurich,Zurich,"Zurich, Switzerland"
GH_6988212,GH,6988212,4,228,3.0,1.3862943611198906,-0.43601449400786446,6.0,1.9459101490553132,0.036773167625536785,3.0,6.0,-0.43601449400786446,0.036773167625536785,57.0,55.0,34,84,3,119,6,roger-king,@UrbanCompass ,2015-02-12 19:36:24,USR,0,0,0.00000000,0.00000000,N,N,N,N
GH_725101,GH,725101,4,124,30.0,3.4339872044851463,0.6087194373640376,10.0,2.3978952727983707,0.23919067730055255,30.0,10.0,0.6087194373640376,0.23919067730055255,31.0,33.5,11,46,30,1995,10,kittaakos,@TypeFox ,2012-02-03 14:05:20,USR,0,0,13.41144000,52.52343000,DE,Berlin,Berlin,"Berlin, Germany"
GH_7372371,GH,7372371,4,272,4.0,1.6094379124341003,-0.32216654050246735,3.0,1.3862943611198906,-0.21384577582691333,4.0,3.0,-0.32216654050246735,-0.21384577582691333,68.0,68.0,68,68,4,58,3,vfedoriv,N,2015-03-12 10:52:26,USR,0,0,0.00000000,0.00000000,N,N,N,N
GH_743843,GH,743843,5,97,3.0,1.3862943611198906,-0.43601449400786446,18.0,2.9444389791664403,0.48395540551861704,3.0,18.0,-0.43601449400786446,0.48395540551861704,19.4,21.0,12,24,3,19,18,smarigowda,N,2012-06-08 14:23:18,USR,0,0,-0.12624000,51.50015000,GB,N,N,UK
GH_7598376,GH,7598376,4,111,18.0,2.9444389791664403,0.3589516835280584,17.0,2.8903717578961645,0.4597418823080639,18.0,17.0,0.3589516835280584,0.4597418823080639,27.75,25.5,18,42,18,1256,17,KSXGitHub,@ksxnodemodules @ksxnodeapps @ksxatompackages ,2015-03-15 14:25:10,USR,0,0,0.00000000,0.00000000,N,N,N,"Earth, Solar System, Orion Arm, Milky Way"
GH_76005,GH,76005,5,415,59.0,4.0943445622221,0.9456340975359634,18.0,2.9444389791664403,0.48395540551861704,59.0,18.0,0.9456340975359634,0.48395540551861704,83.0,61.0,14,149,59,426,18,ryantxu,N,2011-04-02 19:37:33,USR,0,0,-45.24581000,-21.68160000,BR,Minas Gerais,Três Corações,"Alameda, CA"
GH_7609165,GH,7609165,4,89,6.0,1.9459101490553132,-0.1504982340463736,0.0,0.0,-0.8346853511000264,6.0,0.0,-0.1504982340463736,-0.8346853511000264,22.25,23.5,17,25,6,98,0,ErikSharp,N,2015-04-01 13:29:41,USR,0,0,-0.12624000,51.50015000,GB,ENG,London,"London, UK"
GH_7610653,GH,7610653,9,2902,118.0,4.77912349311153,1.295008656765768,705.0,6.559615237493242,2.10297987514419,118.0,705.0,1.295008656765768,2.10297987514419,322.44444444444446,401.0,33,404,118,2618,705,brandyscarney,@ionic-team ,2015-08-23 23:20:56,USR,0,0,-81.65676000,30.32597000,US,FL,Jacksonville,"Jacksonville, FL"
GH_76171,GH,76171,10,542,123.0,4.820281565605037,1.316007526309681,1186.0,7.079184394609668,2.3356642918712343,123.0,1186.0,1.316007526309681,2.3356642918712343,54.2,68.0,17,68,123,2769,1186,adamdbradley,Ionic,2010-10-24 23:49:52,USR,0,0,-89.38524000,43.07393000,US,WI,Madison,"Madison, Wisconsin"
GH_7667538,GH,7667538,10,180,15.0,2.772588722239781,0.271273594937779,1.0,0.6931471805599453,-0.5242655634634699,15.0,1.0,0.271273594937779,-0.5242655634634699,18.0,18.0,18,18,15,94,1,denStrigo,N,2014-08-18 13:07:00,USR,0,0,27.54942000,53.89769000,BY,Gorad Minsk,Minsk,Minsk
GH_7678857,GH,7678857,4,434,4.0,1.6094379124341003,-0.32216654050246735,1.0,0.6931471805599453,-0.5242655634634699,4.0,1.0,-0.32216654050246735,-0.5242655634634699,108.5,105.5,40,183,4,107,1,paul18sma,N,2015-04-07 22:44:09,USR,0,0,-71.34893000,-40.15623000,AR,Neuquén,Lácar,San Martin de los Andes
GH_777153,GH,777153,4,212,100.0,4.61512051684126,1.2113342547622203,19.0,2.995732273553991,0.506926650295376,100.0,19.0,1.2113342547622203,0.506926650295376,53.0,35.5,15,126,100,2141,19,huan,@Chatie,2008-04-13 19:28:03,USR,0,0,-122.32280000,37.90141000,US,CA,Richmond,San Francisco Bay Area
GH_7825140,GH,7825140,10,1420,10.0,2.3978952727983707,0.0801048062385462,89.0,4.499809670330265,1.1805143084303533,10.0,89.0,0.0801048062385462,1.1805143084303533,142.0,142.0,142,142,10,245,89,KostyaDanovsky,Akveo,2011-05-07 07:43:07,USR,0,0,27.54942000,53.89769000,BY,Gorad Minsk,Minsk,"Minsk, Belarus"
GH_788457,GH,788457,7,708,13.0,2.639057329615259,0.2031458104264483,262.0,5.572154032177765,1.660754174383572,13.0,262.0,0.2031458104264483,1.660754174383572,101.14285714285714,103.0,92,104,13,305,262,tlancina,Ionic,2011-05-23 01:11:03,USR,0,0,-122.42016000,37.78008000,US,CA,San Francisco,SF
GH_8036665,GH,8036665,9,1617,4.0,1.6094379124341003,-0.32216654050246735,53.0,3.9889840465642745,0.951745605193831,4.0,53.0,-0.32216654050246735,0.951745605193831,179.66666666666666,183.0,148,188,4,50,53,maximegris,My own,2015-02-03 08:23:01,USR,0,0,-1.55718000,47.21826000,FR,Pays de la Loire,Nantes,"Nantes, France"
GH_8135710,GH,8135710,4,361,3.0,1.3862943611198906,-0.43601449400786446,80.0,4.394449154672439,1.1333295404430415,3.0,80.0,-0.43601449400786446,1.1333295404430415,90.25,53.5,12,242,3,39,80,stonecoldpat,N,2014-01-20 12:35:32,USR,0,0,-0.12624000,51.50015000,GB,ENG,London,London
GH_819389,GH,819389,5,130,20.0,3.044522437723423,0.4100143150464138,5.0,1.791759469228055,-0.032261840577702976,20.0,5.0,0.4100143150464138,-0.032261840577702976,26.0,30.0,20,30,20,325,5,Nebulis,N,2010-11-30 09:19:12,USR,0,0,0.00000000,0.00000000,N,N,N,N
GH_8199348,GH,8199348,4,77,0.0,0.0,-1.143302582953508,0.0,0.0,-0.8346853511000264,0.0,0.0,-1.143302582953508,-0.8346853511000264,19.25,20.0,10,27,0,0,0,jfandy1982,N,2015-04-25 10:23:28,USR,0,0,8.47672000,49.48468000,DE,Baden-Württemberg,Mannheim,"Mannheim, Germany"
GH_8285365,GH,8285365,4,88,1.0,0.6931471805599453,-0.7896585384806861,6.0,1.9459101490553132,0.036773167625536785,1.0,6.0,-0.7896585384806861,0.036773167625536785,22.0,21.0,11,35,1,10,6,ianhi,Harvard School of Engineering and Applied Sciences,2014-12-08 02:03:28,USR,0,0,0.00000000,0.00000000,N,N,N,N
GH_8337538,GH,8337538,5,60,2.0,1.0986122886681096,-0.5827900338607207,59.0,4.0943445622221,0.9989303731811429,2.0,59.0,-0.5827900338607207,0.9989303731811429,12.0,12.0,12,12,2,2,59,tarsobessa,Delivery Hero,2013-04-19 15:07:11,USR,0,0,13.41144000,52.52343000,DE,Berlin,Berlin,"Berlin, Germany"
GH_8379315,GH,8379315,7,735,4.0,1.6094379124341003,-0.32216654050246735,5.0,1.791759469228055,-0.032261840577702976,4.0,5.0,-0.32216654050246735,-0.032261840577702976,105.0,115.0,40,138,4,261,5,timmydoza,@twilio ,2015-05-31 14:46:55,USR,0,0,-104.98485000,39.73845000,US,CO,Denver,"Denver, CO"
GH_8554353,GH,8554353,35,1275,1274.0,7.150701457592526,2.5049889418535023,17.0,2.8903717578961645,0.4597418823080639,1274.0,17.0,2.5049889418535023,0.4597418823080639,36.42857142857143,20.0,10,240,1274,28924,17,traviscibot,Travis CI,2015-06-19 12:28:33,USR,0,0,13.41144000,52.52343000,DE,Berlin,Berlin,"Berlin, Germany"
GH_8579208,GH,8579208,4,274,0.0,0.0,-1.143302582953508,0.0,0.0,-0.8346853511000264,0.0,0.0,-1.143302582953508,-0.8346853511000264,68.5,30.5,15,198,0,0,0,yuriburk,N,2015-04-06 20:04:00,USR,0,0,-52.98452000,-27.07380000,BR,Santa Catarina,Águas de Chapecó,"Blumenau, SC"
GH_85975,GH,85975,6,104,56.0,4.04305126783455,0.9194642326208459,118.0,4.77912349311153,1.3056025147787833,56.0,118.0,0.9194642326208459,1.3056025147787833,17.333333333333332,18.0,14,18,56,1615,118,AlbertoBasalo,Ágora Binaria,2011-04-28 11:29:26,USR,0,0,-3.70035000,40.41669000,ES,N,N,Spain
GH_8762655,GH,8762655,4,69,16.0,2.833213344056216,0.30220430785863345,4.0,1.6094379124341003,-0.11391292497773711,16.0,4.0,0.30220430785863345,-0.11391292497773711,17.25,17.5,11,23,16,386,4,breautek,@totalpave,2015-02-25 20:08:59,USR,0,0,-66.38178000,46.61875000,CA,NB,N,"New Brunswick, Canada"
GH_881861,GH,881861,4,71,12.0,2.5649493574615367,0.16533588529777643,9.0,2.302585092994046,0.1965068626588196,12.0,9.0,0.16533588529777643,0.1965068626588196,17.75,15.5,11,29,12,158,9,mm0202,N,2012-05-17 05:27:58,USR,0,0,140.61088000,37.85694000,JP,Tohoku,Sendai,"Kanagawa, Japan"
GH_8937810,GH,8937810,7,184,27.0,3.332204510175204,0.5567898548992699,3.0,1.3862943611198906,-0.21384577582691333,27.0,3.0,0.5567898548992699,-0.21384577582691333,26.285714285714285,31.0,15,41,27,405,3,deerboy,@deer-inc ,2013-11-03 09:24:03,USR,0,0,139.74946000,35.68696000,JP,Kanto,Tokyo,Tokyo
GH_9001261,GH,9001261,6,314,0.0,0.0,-1.143302582953508,0.0,0.0,-0.8346853511000264,0.0,0.0,-1.143302582953508,-0.8346853511000264,52.333333333333336,15.0,13,147,0,0,0,nguyenpl117,N,2014-10-03 11:14:09,USR,0,0,0.00000000,0.00000000,N,N,N,N
GH_910674,GH,910674,4,208,0.0,0.0,-1.143302582953508,12.0,2.5649493574615367,0.3140043603672106,0.0,12.0,-1.143302582953508,0.3140043603672106,52.0,56.0,34,62,0,0,12,ffried,@sersoft-gmbh ,2011-03-06 13:58:07,USR,0,0,8.78044000,49.08676000,DE,Baden-Württemberg,Oberderdingen,"Flehingen, Germany"
GH_91343,GH,91343,5,144,28.0,3.367295829986474,0.57469346413551,34.0,3.5553480614894135,0.7575455937478262,28.0,34.0,0.57469346413551,0.7575455937478262,28.8,17.0,12,69,28,613,34,Franky47,@47ng | @chiffre-io,2011-11-05 08:39:30,USR,0,0,5.73167000,45.19426000,FR,Auvergne-Rhône-Alpes,Grenoble,"Grenoble, France"
GH_9336666,GH,9336666,4,279,13.0,2.639057329615259,0.2031458104264483,1.0,0.6931471805599453,-0.5242655634634699,13.0,1.0,0.2031458104264483,-0.5242655634634699,69.75,39.0,24,177,13,49,1,underfin,N,2015-08-28 00:28:59,USR,0,0,0.00000000,0.00000000,N,N,N,N
GH_9478906,GH,9478906,5,153,373.0,5.924255797414532,1.8792557415235094,138.0,4.9344739331306915,1.3751748248919649,373.0,138.0,1.8792557415235094,1.3751748248919649,30.6,22.0,11,61,373,22028,138,greenkeeperio-bot,@greenkeeperio,2015-09-22 14:12:13,USR,0,0,0.00000000,0.00000000,N,N,N,☁️
GH_9628127,GH,9628127,7,1971,6.0,1.9459101490553132,-0.1504982340463736,15.0,2.772588722239781,0.40699379944619973,6.0,15.0,-0.1504982340463736,0.40699379944619973,281.57142857142856,280.0,264,290,6,228,15,dpalou,N,2014-05-15 06:54:15,USR,0,0,0.00000000,0.00000000,N,N,N,N
GH_9697073,GH,9697073,6,289,17.0,2.8903717578961645,0.3313665597048884,0.0,0.0,-0.8346853511000264,17.0,0.0,0.3313665597048884,-0.8346853511000264,48.166666666666664,41.0,22,108,17,105,0,msanchezal,N,2015-10-05 11:52:45,USR,0,0,0.00000000,0.00000000,N,N,N,N
GH_9701,GH,9701,15,438,622.0,6.434546518787453,2.1396063274084454,0.0,0.0,-0.8346853511000264,622.0,0.0,2.1396063274084454,-0.8346853511000264,29.2,17.0,10,137,622,2956,0,LPHXKRWV,N,2012-08-03 16:31:46,USR,1,1,N,N,N,N,N,N
GH_9850463,GH,9850463,6,204,0.0,0.0,-1.143302582953508,1.0,0.6931471805599453,-0.5242655634634699,0.0,1.0,-1.143302582953508,-0.5242655634634699,34.0,26.5,11,83,0,0,1,DouglasFuelber,Conectt,2015-10-10 15:52:58,USR,0,0,-52.93644000,-29.72777000,BR,Rio Grande do Sul,Novo Cabrais,"Santa Cruz do Sul, RS, Brazil"
GH_99701,GH,99701,6,876,91.0,4.5217885770490405,1.1637162515555264,419.0,6.040254711277414,1.8703888919067064,91.0,419.0,1.1637162515555264,1.8703888919067064,146.0,139.0,10,323,91,373,419,torkelo,Grafana Labs,2008-05-21 05:56:22,USR,0,0,18.06449000,59.33279000,SE,N,Stockholm,Stockholm
