"journal","model","term","Estimate","Std_Error","z_value","p_value","Odds_Ratio","CI_95_Lower","CI_95_Upper","significance","status","error"
"Cell","m0_edges","edges",-2.68248940050177,0.00655417775607709,-409.279317762559,0,0.0683926852746152,0.067519719103256,0.0692769380737397,"***","ok",NA
"Cell","m1_prior","edges",-3.31643326611088,0.00886627400566821,-374.050391854649,0,0.036282009518661,0.0356569513210422,0.036918024843458,"***","ok",NA
"Cell","m1_prior","edgecov.prior",6.80518651445254,0.0544486612183146,124.983541600166,0,902.516086524934,811.161473480115,1004.15923717591,"***","ok",NA
"Cell","m2_prior_expertise","edges",-3.36073874366867,0.00926409117641803,-362.770473613593,0,0.0347096079680283,0.0340850515295011,0.0353456084480751,"***","ok",NA
"Cell","m2_prior_expertise","edgecov.prior",7.0920566402974,0.0557164908834087,127.288286247928,0,1202.37811875393,1077.98875295802,1341.12080157717,"***","ok",NA
"Cell","m2_prior_expertise","nodecov.expertise_model_z",-0.207548339374775,0.00696781320582631,-29.78672551113,5.80434445326743e-195,0.812573961506456,0.801552142215983,0.823747337375814,"***","ok",NA
"Cell","m3_prior_expertise_similarity","edges",-3.12090311579923,0.0154649599504528,-201.804797800841,0,0.044117307385518,0.0428001172333097,0.0454750345738194,"***","ok",NA
"Cell","m3_prior_expertise_similarity","edgecov.prior",6.90421128859977,0.0562200167183305,122.806994583277,0,996.462282139443,892.494236412519,1112.54172768417,"***","ok",NA
"Cell","m3_prior_expertise_similarity","nodecov.expertise_model_z",-0.109643010013839,0.00827708907411158,-13.2465663993845,4.72323228347941e-40,0.896153996202263,0.881732898859906,0.910810956410605,"***","ok",NA
"Cell","m3_prior_expertise_similarity","absdiff.expertise_model_z",-0.234103607907799,0.0129550704445235,-18.0704233844411,5.4493914616363e-73,0.791279828800856,0.771440643999108,0.811629219094963,"***","ok",NA
"Cell","m4_full","edges",-3.10147052874922,0.0186930771640277,-165.915461725991,0,0.0449830049308735,0.04336472484366,0.0466616758184464,"***","ok",NA
"Cell","m4_full","edgecov.prior",7.02606064369458,0.0566386029184727,124.050740690199,0,1125.58777368034,1007.32036683052,1257.74071286282,"***","ok",NA
"Cell","m4_full","nodecov.expertise_model_z",-0.172330163656269,0.00890647997217929,-19.3488520935957,2.08432718725533e-83,0.841701228132384,0.827135407157493,0.856523552623914,"***","ok",NA
"Cell","m4_full","absdiff.expertise_model_z",-0.228814508855167,0.0130911125200393,-17.4786144802367,2.08503961443696e-68,0.795476073588559,0.775324917273061,0.816150970456959,"***","ok",NA
"Cell","m4_full","nodecov.leadership_model_z",0.124096232500253,0.00711535541745612,17.4406231620992,4.05626944306654e-68,1.13212481295856,1.1164456764331,1.1480241440957,"***","ok",NA
"Cell","m4_full","absdiff.leadership_model_z",-0.0350832232556835,0.0112458034613113,-3.11967245171761,0.0018105224516906,0.965525058774972,0.944476004338497,0.987043222739518,"**","ok",NA
"Geology","m0_edges","edges",-3.10118624239058,0.0988233391047981,-31.3811116936851,3.66300591519228e-216,0.0449957948034531,0.0370724939601141,0.0546124992878205,"***","ok",NA
"Geology","m1_prior","edges",-3.41351437025596,0.115069947771833,-29.6646903588108,2.19265673642084e-193,0.032925285167848,0.0262772569704594,0.0412552346922213,"***","ok",NA
"Geology","m1_prior","edgecov.prior",4.58358562290622,0.398541042569035,11.500912411329,1.30528252880292e-30,97.8646716587521,44.8106206529491,213.732678086552,"***","ok",NA
"Geology","m2_prior_expertise","edges",-3.44847756038301,0.118615095897429,-29.0728387840703,7.9174918329796e-186,0.0317940040016073,0.0251986930641859,0.0401155205898723,"***","ok",NA
"Geology","m2_prior_expertise","edgecov.prior",4.74674960820772,0.411880348732924,11.5245838331696,9.91903164664356e-31,115.209200233131,51.391054723101,258.277630024808,"***","ok",NA
"Geology","m2_prior_expertise","nodecov.expertise_model_z",-0.194096859581546,0.0813765329132873,-2.38516993330707,0.0170712336930509,0.823578128972196,0.702159379716825,0.965992841674903,"*","ok",NA
"Geology","m3_prior_expertise_similarity","edges",-3.60075783676676,0.20873735080393,-17.2501846119001,1.11542397230191e-66,0.0273030233700688,0.0181355161639892,0.0411047073822326,"***","ok",NA
"Geology","m3_prior_expertise_similarity","edgecov.prior",4.79994832126912,0.417298724437743,11.5024274942044,1.28256723840135e-30,121.504138176825,53.6264717112889,275.297910210736,"***","ok",NA
"Geology","m3_prior_expertise_similarity","nodecov.expertise_model_z",-0.221036455616187,0.08812365641183,-2.50825334100089,0.0121329643451856,0.801687453747347,0.674516715093426,0.952834465202074,"*","ok",NA
"Geology","m3_prior_expertise_similarity","absdiff.expertise_model_z",0.127366376867259,0.138710117126191,0.918219806212033,0.35850380145017,1.13583308452545,0.865450193349907,1.49068866795088,"","ok",NA
"Geology","m4_full","edges",-3.08028301101857,0.221149895399433,-13.9284850461045,4.25280641925313e-44,0.0459462515133923,0.0297854039439314,0.0708755883286258,"***","ok",NA
"Geology","m4_full","edgecov.prior",4.30359031926812,0.448083986617489,9.60442784790237,7.65820659757631e-22,73.9648750675935,30.7332676748148,178.009146363825,"***","ok",NA
"Geology","m4_full","nodecov.expertise_model_z",-0.206199288177116,0.0973529575216898,-2.11805879786627,0.0341700883816718,0.813670905132605,0.672326572905326,0.984730291111876,"*","ok",NA
"Geology","m4_full","absdiff.expertise_model_z",0.298211173059098,0.144599883798734,2.06231958992563,0.0391773191514602,1.34744630219522,1.01490539455386,1.78894658264941,"*","ok",NA
"Geology","m4_full","nodecov.leadership_model_z",-0.138732917963759,0.0929406124352662,-1.49270501160499,0.1355144209469,0.870460481772757,0.725498322878834,1.04438759737092,"","ok",NA
"Geology","m4_full","absdiff.leadership_model_z",-0.826823194613084,0.185146967647778,-4.46576687221811,7.97824504068771e-06,0.437436732699994,0.304309120274384,0.628804338636687,"***","ok",NA
"Journal of the ACM","m0_edges","edges",-3.58351889425904,0.078912326128536,-45.4113960399804,0,0.0277777790054741,0.0237972071109261,0.0324241833455612,"***","ok",NA
"Journal of the ACM","m1_prior","edges",-3.60169971278347,0.0796317632342288,-45.2294356736701,0,0.0272773194140428,0.0233355350977017,0.0318849407695389,"***","ok",NA
"Journal of the ACM","m1_prior","edgecov.prior",4.70031200145158,1.15744310920629,4.06094430392764,4.88746310727873e-05,109.98148148148,11.3784760777542,1063.05327586966,"***","ok",NA
"Journal of the ACM","m2_prior_expertise","edges",-3.61659007002881,0.080880622882529,-44.7151609512397,0,0.026874159430481,0.0229344280094813,0.0314906674278659,"***","ok",NA
"Journal of the ACM","m2_prior_expertise","edgecov.prior",5.06984585138596,1.17403587985404,4.3183057165308,1.57231541586713e-05,159.149792732384,15.9384674986225,1589.15256620184,"***","ok",NA
"Journal of the ACM","m2_prior_expertise","nodecov.expertise_model_z",-0.130614403617668,0.0643247572255151,-2.03054639071158,0.0423010306627305,0.877556091614123,0.773607277338456,0.995472401162704,"*","ok",NA
"Journal of the ACM","m3_prior_expertise_similarity","edges",-3.72762802828078,0.16205336388064,-23.0024723894429,4.40312142243385e-117,0.0240498137130191,0.0175052818868369,0.0330410868770897,"***","ok",NA
"Journal of the ACM","m3_prior_expertise_similarity","edgecov.prior",5.34614243122381,1.22982941225156,4.34706015156698,1.37974390137615e-05,209.797426873667,18.8342455239386,2336.96434863121,"***","ok",NA
"Journal of the ACM","m3_prior_expertise_similarity","nodecov.expertise_model_z",-0.222236894282956,0.134764700220426,-1.64907348823139,0.0991325802742501,0.800725654535188,0.614850760353917,1.04279219474616,"","ok",NA
"Journal of the ACM","m3_prior_expertise_similarity","absdiff.expertise_model_z",0.125720404243638,0.154740830390149,0.812457862134114,0.416528956146227,1.13396507213369,0.837301026907799,1.53574012630557,"","ok",NA
"Journal of the ACM","m4_full","edges",-3.64185329254488,0.186673055955249,-19.5092605834766,9.15973937206692e-85,0.0262037357488666,0.0181745596858862,0.0377800496443198,"***","ok",NA
"Journal of the ACM","m4_full","edgecov.prior",5.33129023705405,1.23139888592398,4.32945838915041,1.49476509838837e-05,206.704499983702,18.4995872429418,2309.60560105545,"***","ok",NA
"Journal of the ACM","m4_full","nodecov.expertise_model_z",-0.251877832100239,0.13723068795542,-1.83543372005875,0.0664414512918609,0.77733969822662,0.594015431801669,1.01724126022504,"","ok",NA
"Journal of the ACM","m4_full","absdiff.expertise_model_z",0.140170824044116,0.155671223904364,0.900428611843055,0.367892200109924,1.15047031006333,0.847940530473135,1.5609372199707,"","ok",NA
"Journal of the ACM","m4_full","nodecov.leadership_model_z",0.0538441804559105,0.0668280174755734,0.805712670970546,0.420408541727997,1.05532014983835,0.925761410302149,1.20301041527682,"","ok",NA
"Journal of the ACM","m4_full","absdiff.leadership_model_z",-0.0961292343995826,0.100503088873727,-0.956480397536442,0.338829583305292,0.90834661885309,0.745936137812625,1.10611825618388,"","ok",NA
"Management Science","m0_edges","edges",-6.06119835612233,0.0301861442221339,-200.794056753959,0,0.00233160511943107,0.00219765763146524,0.0024737167223507,"***","ok",NA
"Management Science","m1_prior","edges",-6.15639618859757,0.0316560820929895,-194.477515269047,0,0.00211987916704904,0.00199234665871746,0.00225557518478304,"***","ok",NA
"Management Science","m1_prior","edgecov.prior",6.79127446103353,0.172829488403397,39.2946511834958,0,890.047169743485,634.304208672495,1248.90226729902,"***","ok",NA
"Management Science","m2_prior_expertise","edges",-6.17579217197596,0.0322832003023975,-191.300494192867,0,0.00207915821403271,0.00195167510965719,0.0022149684942895,"***","ok",NA
"Management Science","m2_prior_expertise","edgecov.prior",7.30146504263273,0.196270803938708,37.2009738387419,6.58114222976826e-303,1482.47021948458,1009.0597815492,2177.98587541022,"***","ok",NA
"Management Science","m2_prior_expertise","nodecov.expertise_model_z",-0.144786073773648,0.0246626980302777,-5.87065022634177,4.34089232537628e-09,0.865207363860654,0.824378951731464,0.908057854832941,"***","ok",NA
"Management Science","m3_prior_expertise_similarity","edges",-6.18768655245391,0.0568873265490733,-108.770914855986,0,0.00205457440955793,0.00183780066603243,0.00229691722417507,"***","ok",NA
"Management Science","m3_prior_expertise_similarity","edgecov.prior",7.32887587482787,0.22439562460415,32.6605114861599,5.68319238822279e-234,1523.66801536251,981.478836032992,2365.37369508872,"***","ok",NA
"Management Science","m3_prior_expertise_similarity","nodecov.expertise_model_z",-0.152883714407595,0.0403941283760811,-3.78480042901788,0.000153831974540007,0.85822951573664,0.792901556209762,0.92893991178735,"***","ok",NA
"Management Science","m3_prior_expertise_similarity","absdiff.expertise_model_z",0.0129696700654323,0.0509034467313064,0.254789624244751,0.798885589514635,1.01305414102804,0.916859454109959,1.11934134294368,"","ok",NA
"Management Science","m4_full","edges",-5.7422231361381,0.0653437568652673,-87.8771501916859,0,0.0032076293461244,0.00282203534847343,0.00364590968985706,"***","ok",NA
"Management Science","m4_full","edgecov.prior",7.37544604933273,0.227793849331045,32.3777225372501,5.65137811925641e-230,1596.30370192343,1021.44145990698,2494.69559323206,"***","ok",NA
"Management Science","m4_full","nodecov.expertise_model_z",-0.2639219442455,0.0425183469855708,-6.20724846935055,5.39203121349215e-10,0.768033486750357,0.706623063602455,0.834780899681721,"***","ok",NA
"Management Science","m4_full","absdiff.expertise_model_z",0.129417989343392,0.0519092520090762,2.49315843196437,0.0126612337415743,1.13816576591338,1.0280623895402,1.2600609883964,"*","ok",NA
"Management Science","m4_full","nodecov.leadership_model_z",0.105061968200661,0.0239326766878798,4.38989627323499,1.13404742051024e-05,1.11077944122632,1.05987812160185,1.16412532903907,"***","ok",NA
"Management Science","m4_full","absdiff.leadership_model_z",-0.578534791711852,0.0464419758524119,-12.4571528470361,1.27854146590087e-35,0.560719335591051,0.511933234208318,0.614154644192781,"***","ok",NA
"Mind","m0_edges","edges",-3.87634997410403,0.0950419564651242,-40.7856710686134,0,0.0207263389581816,0.0172036757985775,0.0249703105103247,"***","ok",NA
"Mind","m1_prior","edges",-3.90233991159118,0.0963041680805789,-40.5209866755304,0,0.0201946025335063,0.0167208960537666,0.0243899591370542,"***","ok",NA
"Mind","m1_prior","edgecov.prior",3.39151428782519,0.736619186637862,4.60416229898249,4.14129415830549e-06,29.7109090909069,7.01282546585532,125.87481654949,"***","ok",NA
"Mind","m2_prior_expertise","edges",-3.91103518182448,0.0971739470161166,-40.2477752722736,0,0.0200197662332418,0.016547899262816,0.0242200555894274,"***","ok",NA
"Mind","m2_prior_expertise","edgecov.prior",3.8449986447876,0.822393653902011,4.67537489685656,2.93417103555331e-06,46.7586209830064,9.32880647340279,234.367455522415,"***","ok",NA
"Mind","m2_prior_expertise","nodecov.expertise_model_z",-0.0960480359583292,0.0760386792839148,-1.26314708333772,0.20653632586333,0.908420378177189,0.782638913288023,1.05441675525772,"","ok",NA
"Mind","m3_prior_expertise_similarity","edges",-3.89218546796016,0.169051279147707,-23.0236972330709,2.69917381831792e-117,0.020400712179936,0.0146469087136817,0.0284148051704472,"***","ok",NA
"Mind","m3_prior_expertise_similarity","edgecov.prior",3.7824202768698,0.939772353928688,4.02482607735535,5.70174392468663e-05,43.9222171230011,6.96199772885901,277.09879148671,"***","ok",NA
"Mind","m3_prior_expertise_similarity","nodecov.expertise_model_z",-0.0779433667827648,0.15251024336538,-0.511069716124117,0.609302240585952,0.9250168117382,0.686009746398692,1.2472943810058,"","ok",NA
"Mind","m3_prior_expertise_similarity","absdiff.expertise_model_z",-0.0240099447165167,0.177174740664473,-0.135515619362389,0.892204215705552,0.976276000921562,0.689855974064236,1.38161422935891,"","ok",NA
"Mind","m4_full","edges",-3.10471936995661,0.191025724807576,-16.2528862177283,2.1309181923425e-59,0.0448370994310579,0.030834231600117,0.0651991433242963,"***","ok",NA
"Mind","m4_full","edgecov.prior",4.05457638970153,1.01276560151799,4.00346969093767,6.24202013534176e-05,57.6607321419952,7.9213037781087,419.723838939143,"***","ok",NA
"Mind","m4_full","nodecov.expertise_model_z",-0.0612099998945112,0.157087031385563,-0.389656608534883,0.696790486589087,0.940625687738583,0.691355869404794,1.27977026534165,"","ok",NA
"Mind","m4_full","absdiff.expertise_model_z",0.0763122166978375,0.177286162516576,0.430446548194095,0.666870841083243,1.07929949688299,0.762487882954041,1.52774546325753,"","ok",NA
"Mind","m4_full","nodecov.leadership_model_z",0.0626219380972124,0.0761557010922882,0.822288248929977,0.410912863087428,1.06462426926093,0.917004191324972,1.2360083469866,"","ok",NA
"Mind","m4_full","absdiff.leadership_model_z",-1.09257051723299,0.169475850413744,-6.44676226474558,1.14264807160524e-10,0.335353353249625,0.240570237551243,0.467480402731916,"***","ok",NA
"Nature Climate Change","m0_edges","edges",-2.73506086636281,0.0442844912291984,-61.7611446004259,0,0.064890057361893,0.0594952697749169,0.0707740222098294,"***","ok",NA
"Nature Climate Change","m1_prior","edges",-2.83273205416203,0.0465330624672232,-60.8756850284105,0,0.0588518473960442,0.0537217755145196,0.0644718069861851,"***","ok",NA
"Nature Climate Change","m1_prior","edgecov.prior",2.74417865682058,0.19399226006073,14.145815178201,1.98206458300476e-45,15.5518352912343,10.6329091353701,22.7463225582489,"***","ok",NA
"Nature Climate Change","m2_prior_expertise","edges",-2.84508507977881,0.0470757801263321,-60.436281080075,0,0.0581293208996642,0.0530058174192345,0.0637480584731059,"***","ok",NA
"Nature Climate Change","m2_prior_expertise","edgecov.prior",3.07055412727812,0.225331201798786,13.6268484025574,2.7729929472032e-42,21.5538429388047,13.8585860470801,33.5220450233841,"***","ok",NA
"Nature Climate Change","m2_prior_expertise","nodecov.expertise_model_z",-0.101444540820498,0.0346202992100614,-2.93020404604175,0.00338739493069402,0.903531287056576,0.844255312412765,0.96696908469198,"**","ok",NA
"Nature Climate Change","m3_prior_expertise_similarity","edges",-2.48608413453526,0.0747931190136315,-33.2394766700685,2.8972303391069e-242,0.0832352673513246,0.071885647780622,0.0963768143564544,"***","ok",NA
"Nature Climate Change","m3_prior_expertise_similarity","edgecov.prior",2.61185150382518,0.232931968955349,11.212937045691,3.52305412072449e-29,13.624252870119,8.63052074626322,21.5074236800037,"***","ok",NA
"Nature Climate Change","m3_prior_expertise_similarity","nodecov.expertise_model_z",0.0153744528174851,0.0372400611269664,0.412847142357457,0.67971860969278,1.01549324773871,0.944012315358264,1.09238674053902,"","ok",NA
"Nature Climate Change","m3_prior_expertise_similarity","absdiff.expertise_model_z",-0.357383759627135,0.0637252593418184,-5.60819623675677,2.0444614168617e-08,0.699504004823466,0.617370920513229,0.792563816185739,"***","ok",NA
"Nature Climate Change","m4_full","edges",-2.31195791971572,0.0887876750997264,-26.0391762383566,1.78419314186584e-149,0.099067096130605,0.0832437887169893,0.117898160175253,"***","ok",NA
"Nature Climate Change","m4_full","edgecov.prior",2.65399597664729,0.233759092557977,11.3535518452145,7.12100087488328e-30,14.2107110085763,8.98744097196991,22.4696115389349,"***","ok",NA
"Nature Climate Change","m4_full","nodecov.expertise_model_z",-0.0613825679080987,0.0447216791458757,-1.37254613602225,0.169893486833308,0.940463379837099,0.861537186571443,1.02662007235514,"","ok",NA
"Nature Climate Change","m4_full","absdiff.expertise_model_z",-0.284750637899187,0.0667298549610892,-4.26721499792301,1.97928388410482e-05,0.752201801556296,0.659983031841695,0.857306207836345,"***","ok",NA
"Nature Climate Change","m4_full","nodecov.leadership_model_z",0.0560891462595597,0.0444123368993351,1.26291814787164,0.206618597228181,1.05769196881675,0.969515289364645,1.15388825031588,"","ok",NA
"Nature Climate Change","m4_full","absdiff.leadership_model_z",-0.257156377675843,0.0672211287039603,-3.82552900604141,0.000130491567984837,0.773247285697081,0.677795411223846,0.882141358493852,"***","ok",NA
"Nature Materials","m0_edges","edges",-2.83476499203716,0.0257962363636275,-109.890642653366,0,0.0587323267766115,0.0558366053225718,0.0617782221656702,"***","ok",NA
"Nature Materials","m1_prior","edges",-2.8825355056083,0.0263923837539698,-109.218459858698,0,0.0559926131150062,0.0531698071899682,0.0589652829141402,"***","ok",NA
"Nature Materials","m1_prior","edgecov.prior",4.56096628952935,0.292332794400109,15.6019658994771,7.0586592776791e-55,95.6758857840682,53.9465646165962,169.684115858417,"***","ok",NA
"Nature Materials","m2_prior_expertise","edges",-2.88979440751387,0.0265781650715194,-108.728138294638,0,0.0555876398378394,0.052766032927463,0.0585601291457542,"***","ok",NA
"Nature Materials","m2_prior_expertise","edgecov.prior",4.79774280237449,0.297897144958595,16.105366847478,2.33906669024558e-58,121.236453804279,67.6173358904727,217.374398702213,"***","ok",NA
"Nature Materials","m2_prior_expertise","nodecov.expertise_model_z",-0.087689349361334,0.0196917415300954,-4.45310280085264,8.46382056559467e-06,0.916045402616332,0.88136347890225,0.952092070685385,"***","ok",NA
"Nature Materials","m3_prior_expertise_similarity","edges",-3.00381189360119,0.0487929270911061,-61.5624450648858,0,0.0495976466176755,0.045074165182355,0.0545750884139458,"***","ok",NA
"Nature Materials","m3_prior_expertise_similarity","edgecov.prior",4.99145167955643,0.307624930714187,16.2257709996657,3.31528368342977e-59,147.14988299769,80.5200977984463,268.915322487991,"***","ok",NA
"Nature Materials","m3_prior_expertise_similarity","nodecov.expertise_model_z",-0.147387005630087,0.0297275492045316,-4.9579265554666,7.1249485950089e-07,0.862959942427519,0.814115523676464,0.91473487555122,"***","ok",NA
"Nature Materials","m3_prior_expertise_similarity","absdiff.expertise_model_z",0.110661920350381,0.0386691517861473,2.86176228954739,0.00421292751567473,1.11701720222658,1.03548548342314,1.20496853895559,"**","ok",NA
"Nature Materials","m4_full","edges",-2.9224023124451,0.0549175869672886,-53.2143248425284,0,0.0538042772360849,0.0483136677143619,0.0599188673899193,"***","ok",NA
"Nature Materials","m4_full","edgecov.prior",5.01737568174135,0.308049539937378,16.2875610291816,1.20957692425123e-59,151.014473277474,82.5660503613855,276.207606388527,"***","ok",NA
"Nature Materials","m4_full","nodecov.expertise_model_z",-0.180599204393408,0.0347870416842458,-5.19156546948332,2.08533233642373e-07,0.834769863751141,0.779750091542418,0.893671873829066,"***","ok",NA
"Nature Materials","m4_full","absdiff.expertise_model_z",0.16775024948488,0.0420600252092894,3.9883535173876,6.65334655164205e-05,1.1826412085099,1.08905745293436,1.28426670631312,"***","ok",NA
"Nature Materials","m4_full","nodecov.leadership_model_z",0.0183484123927,0.026892212853715,0.68229462902549,0.495052668576063,1.01851777879374,0.966223287692219,1.07364258234416,"","ok",NA
"Nature Materials","m4_full","absdiff.leadership_model_z",-0.125581978286903,0.0376564404703356,-3.33494023116264,0.000853177349807788,0.881983457970332,0.819231476798512,0.949542152815285,"***","ok",NA
"Psychological Science","m0_edges","edges",-3.48633703674478,0.0114334992671006,-304.923012220463,0,0.030612800614973,0.0299344078704978,0.0313065675307947,"***","ok",NA
"Psychological Science","m1_prior","edges",-3.49743632931383,0.0114959153573165,-304.232957585923,0,0.0302748988886065,0.029600372791791,0.0309647959220817,"***","ok",NA
"Psychological Science","m1_prior","edgecov.prior",4.47826558232555,0.204447603890506,21.9042214098236,2.36793405646285e-106,88.0817695371467,59.0006392563349,131.496848552569,"***","ok",NA
"Psychological Science","m2_prior_expertise","edges",-3.84612425462507,0.0169866395488207,-226.420549136341,0,0.0213623713108794,0.0206628460521299,0.0220855784760998,"***","ok",NA
"Psychological Science","m2_prior_expertise","edgecov.prior",7.75280261810843,0.245137329383296,31.6263648527645,1.60300296451053e-219,2328.08802161453,1439.90648936018,3764.12904340297,"***","ok",NA
"Psychological Science","m2_prior_expertise","nodecov.expertise_model_z",-0.741964966061964,0.0161519091037947,-45.9366729526511,0,0.476177323356609,0.461338741837385,0.491493175656573,"***","ok",NA
"Psychological Science","m3_prior_expertise_similarity","edges",-3.61851619185727,0.0372743142900016,-97.0780082955919,0,0.0268224463442201,0.0249327308217299,0.0288553882457811,"***","ok",NA
"Psychological Science","m3_prior_expertise_similarity","edgecov.prior",7.01775153128274,0.25942844896986,27.0508171295356,3.73585147065239e-161,1116.27388699206,671.33735241087,1856.09721596089,"***","ok",NA
"Psychological Science","m3_prior_expertise_similarity","nodecov.expertise_model_z",-0.537470460193963,0.0335397367342877,-16.0248860762376,8.56477056683451e-58,0.584224203226487,0.547053681038624,0.623920341761717,"***","ok",NA
"Psychological Science","m3_prior_expertise_similarity","absdiff.expertise_model_z",-0.251774019738824,0.0389057143389052,-6.47138920379757,9.71059499812803e-11,0.777420399885157,0.720341971118426,0.839021606944843,"***","ok",NA
"Psychological Science","m4_full","edges",-3.03273836484187,0.0401904687121296,-75.4591439717792,0,0.0481835132669083,0.0445335837463091,0.052132587486511,"***","ok",NA
"Psychological Science","m4_full","edgecov.prior",7.46154936291818,0.266390069285949,28.0098630662872,1.23220207051878e-172,1739.8416162436,1032.17636433888,2932.68568647373,"***","ok",NA
"Psychological Science","m4_full","nodecov.expertise_model_z",-0.781991437845348,0.0347938082977395,-22.4750171396487,7.28754704433225e-112,0.457494032601623,0.427334883727424,0.489781662663415,"***","ok",NA
"Psychological Science","m4_full","absdiff.expertise_model_z",-0.0631757291591018,0.0399901964784618,-1.57978041426047,0.114157162442069,0.938778488438842,0.868006119477905,1.01532124092122,"","ok",NA
"Psychological Science","m4_full","nodecov.leadership_model_z",0.280030411646399,0.00993666592222087,28.1815262622628,9.84995441998814e-175,1.3231700515053,1.29764949408074,1.34919251553424,"***","ok",NA
"Psychological Science","m4_full","absdiff.leadership_model_z",-0.943393410542283,0.0215047873800981,-43.8689950227251,0,0.389304521287721,0.373236581439222,0.406064190467733,"***","ok",NA
"The Economic Journal","m0_edges","edges",-4.74985535824522,0.0674036796838169,-70.4687842047535,0,0.00865294669000305,0.00758208864518678,0.00987504761864865,"***","ok",NA
"The Economic Journal","m1_prior","edges",-4.81004256624291,0.0694504509297119,-69.2586225409965,0,0.00814751288128626,0.00711062275734581,0.00933560511027644,"***","ok",NA
"The Economic Journal","m1_prior","edgecov.prior",5.98869756258455,0.575974341492238,10.3975075470706,2.54503143976827e-25,398.894736019967,128.996832946731,1233.49548039018,"***","ok",NA
"The Economic Journal","m2_prior_expertise","edges",-4.82028583924051,0.0701957243378496,-68.669222872331,0,0.00806448166430374,0.00702788509113358,0.00925397380158375,"***","ok",NA
"The Economic Journal","m2_prior_expertise","edgecov.prior",6.37871984352128,0.613729113378807,10.3933799203431,2.65764806624824e-25,589.172991062275,176.94001579076,1961.82198721943,"***","ok",NA
"The Economic Journal","m2_prior_expertise","nodecov.expertise_model_z",-0.104846363011606,0.0543656165640552,-1.92854178133109,0.053787772542959,0.900462856360813,0.809447816768544,1.00171170875778,"","ok",NA
"The Economic Journal","m3_prior_expertise_similarity","edges",-4.84836310857708,0.127486737076469,-38.0303333488637,1.82010898584544e-316,0.00784120224674662,0.00610750391848421,0.0100670345029666,"***","ok",NA
"The Economic Journal","m3_prior_expertise_similarity","edgecov.prior",6.44817442700707,0.669971381519939,9.62455204038468,6.29807409909717e-22,631.548302261418,169.869504081698,2347.99801321286,"***","ok",NA
"The Economic Journal","m3_prior_expertise_similarity","nodecov.expertise_model_z",-0.128368242777456,0.1049586815919,-1.22303596834969,0.221316111359519,0.879529439140497,0.71599130303274,1.08042099259888,"","ok",NA
"The Economic Journal","m3_prior_expertise_similarity","absdiff.expertise_model_z",0.0329799591168029,0.124033714917842,0.265895116812781,0.790319985986415,1.03352982618322,0.810482019811515,1.3179612570045,"","ok",NA
"The Economic Journal","m4_full","edges",-4.76712020376616,0.148930577386942,-32.0090090793145,8.17051883332338e-225,0.00850483712543574,0.00635175494198034,0.0113877590037563,"***","ok",NA
"The Economic Journal","m4_full","edgecov.prior",6.44826083809265,0.671034907147013,9.60942682625591,7.29539529130606e-22,631.602877393723,169.530426838872,2353.10086909166,"***","ok",NA
"The Economic Journal","m4_full","nodecov.expertise_model_z",-0.149269929996077,0.110311689974179,-1.35316510907426,0.176002889082895,0.861336582936242,0.693862931971675,1.06923237273405,"","ok",NA
"The Economic Journal","m4_full","absdiff.expertise_model_z",0.0611827736708637,0.126822851759383,0.48242704545821,0.629502612373269,1.06309320187829,0.829120303317742,1.36309188347874,"","ok",NA
"The Economic Journal","m4_full","nodecov.leadership_model_z",0.0203503587997363,0.0576984959284806,0.35270172076862,0.724312069181109,1.02055883916656,0.911431632447,1.14275202562884,"","ok",NA
"The Economic Journal","m4_full","absdiff.leadership_model_z",-0.0940626418939067,0.090372937199503,-1.04082753984479,0.297955596049292,0.91022574219049,0.76246886905344,1.08661603820596,"","ok",NA
"The New England Journal of Medicine","m0_edges","edges",-3.66655727475529,0.0163296467090578,-224.533778353057,0,0.0255643295844303,0.0247590702512475,0.0263957790203551,"***","ok",NA
"The New England Journal of Medicine","m1_prior","edges",-3.72642889879523,0.0168217947620382,-221.523859463835,0,0.0240786698514299,0.0232977237450374,0.0248857934860549,"***","ok",NA
"The New England Journal of Medicine","m1_prior","edgecov.prior",4.17464517385605,0.107632759171018,38.7860090739005,0,65.0167659193327,52.6509860016235,80.2868126815127,"***","ok",NA
"The New England Journal of Medicine","m2_prior_expertise","edges",-3.86407776178815,0.0192472026653719,-200.760486028451,0,0.0209822641626235,0.0202054627288821,0.0217889298204889,"***","ok",NA
"The New England Journal of Medicine","m2_prior_expertise","edgecov.prior",5.21747789657395,0.120655423835609,43.2427961438574,0,184.468348620969,145.618948174461,233.682306248901,"***","ok",NA
"The New England Journal of Medicine","m2_prior_expertise","nodecov.expertise_model_z",-0.406047221191821,0.0148300894434675,-27.3799576691482,4.75200778585606e-165,0.666278704207529,0.6471907559381,0.685929623696485,"***","ok",NA
"The New England Journal of Medicine","m3_prior_expertise_similarity","edges",-3.61288381579007,0.0333083528016035,-108.467801974769,0,0.0269739467020559,0.0252692209455107,0.0287936775832661,"***","ok",NA
"The New England Journal of Medicine","m3_prior_expertise_similarity","edgecov.prior",4.89915555674504,0.122657672208131,39.9416968262037,0,134.176427452771,105.503752311481,170.641453877744,"***","ok",NA
"The New England Journal of Medicine","m3_prior_expertise_similarity","nodecov.expertise_model_z",-0.285723135896258,0.0190611632966134,-14.9898057873006,8.56031711248263e-51,0.751470642393924,0.723913755479721,0.780076524455206,"***","ok",NA
"The New England Journal of Medicine","m3_prior_expertise_similarity","absdiff.expertise_model_z",-0.246180143539844,0.028660397568916,-8.58955787155032,8.73046234995349e-18,0.781781379374586,0.739075999164043,0.826954367112622,"***","ok",NA
"The New England Journal of Medicine","m4_full","edges",-3.55163320811529,0.0372493551138421,-95.3475086282899,0,0.028677764628403,0.0266586409103268,0.03084981664476,"***","ok",NA
"The New England Journal of Medicine","m4_full","edgecov.prior",4.89305121238579,0.122384164949109,39.9810810035799,0,133.359863165142,104.917911492381,169.512077112944,"***","ok",NA
"The New England Journal of Medicine","m4_full","nodecov.expertise_model_z",-0.26502091300283,0.0214344675452006,-12.364240559928,4.08049566061976e-35,0.767189905563422,0.735626715167722,0.800107362963588,"***","ok",NA
"The New England Journal of Medicine","m4_full","absdiff.expertise_model_z",-0.222267708235142,0.0296150888388636,-7.50521835151352,6.13262913901417e-14,0.800700981393294,0.755547004826711,0.848553508264161,"***","ok",NA
"The New England Journal of Medicine","m4_full","nodecov.leadership_model_z",-0.0471102504900755,0.0143142116027678,-3.29115230355868,0.000997778765815146,0.953982214785546,0.927589396079936,0.981125991708415,"***","ok",NA
"The New England Journal of Medicine","m4_full","absdiff.leadership_model_z",-0.0766333289688874,0.022264413120661,-3.44196492193963,0.000577505132069307,0.926229412843277,0.886679600735355,0.967543320613799,"***","ok",NA
