journal,model,term,Estimate,Std_Error,z_value,p_value,Odds_Ratio,CI_95_Lower,CI_95_Upper,significance,status,error
Cell,m0_edges,edges,-2.68248940050177,0.00655417775607709,-409.279317762559,0,0.0683926852746152,0.067519719103256,0.0692769380737397,***,ok,
Cell,m1_prior,edges,-3.31643326611088,0.00886627400566821,-374.050391854649,0,0.036282009518661,0.0356569513210422,0.036918024843458,***,ok,
Cell,m1_prior,edgecov.prior,6.80518651445254,0.0544486612183146,124.983541600166,0,902.516086524934,811.161473480115,1004.15923717591,***,ok,
Cell,m2_prior_expertise,edges,-3.36073874366868,0.00926409117641802,-362.770473613593,0,0.0347096079680282,0.0340850515295011,0.035345608448075,***,ok,
Cell,m2_prior_expertise,edgecov.prior,7.0920566402974,0.0557164908834087,127.288286247928,0,1202.37811875392,1077.98875295801,1341.12080157717,***,ok,
Cell,m2_prior_expertise,nodecov.expertise_model_z,-0.207548339374775,0.0069678132058263,-29.78672551113,5.80434445326128e-195,0.812573961506456,0.801552142215983,0.823747337375814,***,ok,
Cell,m3_prior_expertise_similarity,edges,-3.12090311579923,0.0154649599504528,-201.804797800841,0,0.044117307385518,0.0428001172333097,0.0454750345738194,***,ok,
Cell,m3_prior_expertise_similarity,edgecov.prior,6.90421128859977,0.0562200167183305,122.806994583277,0,996.462282139439,892.494236412515,1112.54172768416,***,ok,
Cell,m3_prior_expertise_similarity,nodecov.expertise_model_z,-0.109643010013839,0.00827708907411158,-13.2465663993845,4.72323228347897e-40,0.896153996202263,0.881732898859906,0.910810956410605,***,ok,
Cell,m3_prior_expertise_similarity,absdiff.expertise_model_z,-0.234103607907799,0.0129550704445235,-18.0704233844411,5.4493914616363e-73,0.791279828800856,0.771440643999108,0.811629219094963,***,ok,
Cell,m4_full,edges,-3.10147052874922,0.0186930771640277,-165.915461725991,0,0.0449830049308736,0.0433647248436601,0.0466616758184465,***,ok,
Cell,m4_full,edgecov.prior,7.02606064369457,0.0566386029184727,124.050740690199,0,1125.58777368033,1007.32036683052,1257.74071286281,***,ok,
Cell,m4_full,nodecov.expertise_model_z,-0.172330163656269,0.00890647997217929,-19.3488520935957,2.08432718725561e-83,0.841701228132384,0.827135407157493,0.856523552623914,***,ok,
Cell,m4_full,absdiff.expertise_model_z,-0.228814508855167,0.0130911125200393,-17.4786144802367,2.0850396144367e-68,0.795476073588559,0.775324917273061,0.816150970456959,***,ok,
Cell,m4_full,nodecov.leadership_model_z,0.124096232500253,0.00711535541745612,17.4406231620992,4.05626944306705e-68,1.13212481295856,1.1164456764331,1.1480241440957,***,ok,
Cell,m4_full,absdiff.leadership_model_z,-0.0350832232556832,0.0112458034613113,-3.11967245171758,0.00181052245169079,0.965525058774972,0.944476004338498,0.987043222739518,**,ok,
Ecological Applications,m0_edges,edges,-5.02060942065805,0.0190543208414876,-263.48928741278,0,0.00660050300049169,0.00635854380383264,0.00685166937644431,***,ok,
Ecological Applications,m1_prior,edges,-5.0934454022022,0.0197569962699412,-257.804644623611,0,0.00613683954024771,0.00590374068307904,0.0063791418973887,***,ok,
Ecological Applications,m1_prior,edgecov.prior,6.55978247099562,0.166555595078754,39.3849421143367,0,706.118076725599,509.450913047792,978.70614323913,***,ok,
Ecological Applications,m2_prior_expertise,edges,-5.11081301146252,0.0201169479426185,-254.05508957127,0,0.00603117751334153,0.00579800011046708,0.00627373258095819,***,ok,
Ecological Applications,m2_prior_expertise,edgecov.prior,6.97592001771715,0.174586340565752,39.9568488297049,0,1070.54165363074,760.313455888616,1507.3512421518,***,ok,
Ecological Applications,m2_prior_expertise,nodecov.expertise_model_z,-0.13690928881122,0.0154932509152827,-8.83670506337517,9.85829466033757e-19,0.872049327175523,0.845966041201624,0.898936827236113,***,ok,
Ecological Applications,m3_prior_expertise_similarity,edges,-5.15635192429133,0.0368346146862031,-139.98658512431,0,0.00576268409388639,0.00536130550561362,0.00619411222344257,***,ok,
Ecological Applications,m3_prior_expertise_similarity,edgecov.prior,7.07055093228575,0.186750987748455,37.8608489172194,1.13517680266e-313,1176.79619070283,816.085391796772,1696.94162936022,***,ok,
Ecological Applications,m3_prior_expertise_similarity,nodecov.expertise_model_z,-0.167781502285644,0.0262373542747981,-6.39475689996701,1.60802981036476e-10,0.845538562745954,0.803155675330232,0.890158014256122,***,ok,
Ecological Applications,m3_prior_expertise_similarity,absdiff.expertise_model_z,0.0486707802823639,0.0325624327974301,1.49469115483918,0.134995063778741,1.04987465440085,0.984962619771605,1.11906458968858,,ok,
Ecological Applications,m4_full,edges,-4.98525584698729,0.0425313209553317,-117.213755298666,0,0.00683802831469678,0.00629111325370577,0.00743248918703725,***,ok,
Ecological Applications,m4_full,edgecov.prior,7.08422903633147,0.187443954377777,37.7938518201222,1.433751802513e-312,1193.00311878471,826.201661315017,1722.65018102811,***,ok,
Ecological Applications,m4_full,nodecov.expertise_model_z,-0.211816612947849,0.0277933618192798,-7.62112242215029,2.51479293655459e-14,0.809113064821582,0.766215664814145,0.854412121453782,***,ok,
Ecological Applications,m4_full,absdiff.expertise_model_z,0.106118146730468,0.0333421709970383,3.18270057279396,0.00145908418451901,1.11195324238617,1.04160989431383,1.18704710852199,**,ok,
Ecological Applications,m4_full,nodecov.leadership_model_z,0.0217469044269273,0.0165238942993294,1.3160883283918,0.18814439794658,1.02198509183235,0.989416475416982,1.05562576920644,,ok,
Ecological Applications,m4_full,absdiff.leadership_model_z,-0.21064432250782,0.0266545473207261,-7.90275370176805,2.72808315781328e-15,0.810062136517523,0.768828589181874,0.853507107114228,***,ok,
Geology,m0_edges,edges,-3.10118624239058,0.0988233391047981,-31.3811116936851,3.66300591519228e-216,0.0449957948034531,0.0370724939601141,0.0546124992878205,***,ok,
Geology,m1_prior,edges,-3.41351437025596,0.115069947771833,-29.6646903588108,2.19265673642084e-193,0.032925285167848,0.0262772569704594,0.0412552346922213,***,ok,
Geology,m1_prior,edgecov.prior,4.58358562290622,0.398541042569035,11.500912411329,1.30528252880292e-30,97.8646716587521,44.8106206529491,213.732678086552,***,ok,
Geology,m2_prior_expertise,edges,-3.44847756038301,0.118615095897429,-29.0728387840704,7.91749183297551e-186,0.0317940040016072,0.0251986930641859,0.0401155205898721,***,ok,
Geology,m2_prior_expertise,edgecov.prior,4.74674960820772,0.411880348732924,11.5245838331696,9.91903164664315e-31,115.209200233132,51.3910547231011,258.277630024809,***,ok,
Geology,m2_prior_expertise,nodecov.expertise_model_z,-0.194096859581546,0.0813765329132874,-2.38516993330707,0.0170712336930508,0.823578128972196,0.702159379716824,0.965992841674903,*,ok,
Geology,m3_prior_expertise_similarity,edges,-3.60075783676676,0.20873735080393,-17.2501846119002,1.11542397230164e-66,0.0273030233700688,0.0181355161639891,0.0411047073822325,***,ok,
Geology,m3_prior_expertise_similarity,edgecov.prior,4.79994832126913,0.417298724437743,11.5024274942044,1.28256723840127e-30,121.504138176825,53.626471711289,275.297910210736,***,ok,
Geology,m3_prior_expertise_similarity,nodecov.expertise_model_z,-0.221036455616187,0.08812365641183,-2.50825334100089,0.0121329643451855,0.801687453747347,0.674516715093426,0.952834465202074,*,ok,
Geology,m3_prior_expertise_similarity,absdiff.expertise_model_z,0.127366376867259,0.138710117126191,0.918219806212035,0.358503801450169,1.13583308452546,0.865450193349908,1.49068866795089,,ok,
Geology,m4_full,edges,-3.08028301101857,0.221149895399433,-13.9284850461045,4.2528064192526e-44,0.0459462515133924,0.0297854039439315,0.0708755883286258,***,ok,
Geology,m4_full,edgecov.prior,4.30359031926812,0.448083986617489,9.60442784790236,7.65820659757671e-22,73.9648750675934,30.7332676748148,178.009146363825,***,ok,
Geology,m4_full,nodecov.expertise_model_z,-0.206199288177117,0.0973529575216897,-2.11805879786627,0.0341700883816716,0.813670905132604,0.672326572905326,0.984730291111876,*,ok,
Geology,m4_full,absdiff.expertise_model_z,0.298211173059099,0.144599883798734,2.06231958992563,0.03917731915146,1.34744630219522,1.01490539455386,1.78894658264941,*,ok,
Geology,m4_full,nodecov.leadership_model_z,-0.138732917963759,0.0929406124352661,-1.49270501160499,0.135514420946899,0.870460481772757,0.725498322878834,1.04438759737092,,ok,
Geology,m4_full,absdiff.leadership_model_z,-0.826823194613085,0.185146967647778,-4.46576687221812,7.97824504068735e-06,0.437436732699994,0.304309120274384,0.628804338636686,***,ok,
Journal of the ACM,m0_edges,edges,-3.58351889425904,0.078912326128536,-45.4113960399804,0,0.0277777790054741,0.0237972071109261,0.0324241833455612,***,ok,
Journal of the ACM,m1_prior,edges,-3.60169971278347,0.0796317632342288,-45.2294356736701,0,0.0272773194140428,0.0233355350977017,0.0318849407695389,***,ok,
Journal of the ACM,m1_prior,edgecov.prior,4.70031200145158,1.15744310920629,4.06094430392764,4.88746310727873e-05,109.98148148148,11.3784760777542,1063.05327586966,***,ok,
Journal of the ACM,m2_prior_expertise,edges,-3.6165900700288,0.080880622882529,-44.7151609512397,0,0.026874159430481,0.0229344280094813,0.031490667427866,***,ok,
Journal of the ACM,m2_prior_expertise,edgecov.prior,5.06984585138596,1.17403587985404,4.3183057165308,1.57231541586712e-05,159.149792732384,15.9384674986226,1589.15256620184,***,ok,
Journal of the ACM,m2_prior_expertise,nodecov.expertise_model_z,-0.130614403617668,0.064324757225515,-2.03054639071157,0.042301030662731,0.877556091614123,0.773607277338456,0.995472401162704,*,ok,
Journal of the ACM,m3_prior_expertise_similarity,edges,-3.72762802828078,0.16205336388064,-23.0024723894429,4.40312142243241e-117,0.0240498137130191,0.0175052818868369,0.0330410868770896,***,ok,
Journal of the ACM,m3_prior_expertise_similarity,edgecov.prior,5.34614243122381,1.22982941225156,4.34706015156698,1.37974390137613e-05,209.797426873667,18.8342455239386,2336.96434863121,***,ok,
Journal of the ACM,m3_prior_expertise_similarity,nodecov.expertise_model_z,-0.222236894282956,0.134764700220426,-1.6490734882314,0.099132580274249,0.800725654535187,0.614850760353917,1.04279219474616,,ok,
Journal of the ACM,m3_prior_expertise_similarity,absdiff.expertise_model_z,0.125720404243639,0.154740830390149,0.81245786213412,0.416528956146223,1.13396507213369,0.837301026907799,1.53574012630557,,ok,
Journal of the ACM,m4_full,edges,-3.64185329254488,0.186673055955249,-19.5092605834766,9.1597393720682e-85,0.0262037357488666,0.0181745596858861,0.0377800496443198,***,ok,
Journal of the ACM,m4_full,edgecov.prior,5.33129023705405,1.23139888592398,4.32945838915041,1.49476509838838e-05,206.704499983702,18.4995872429418,2309.60560105545,***,ok,
Journal of the ACM,m4_full,nodecov.expertise_model_z,-0.251877832100239,0.13723068795542,-1.83543372005875,0.0664414512918611,0.77733969822662,0.594015431801669,1.01724126022504,,ok,
Journal of the ACM,m4_full,absdiff.expertise_model_z,0.140170824044116,0.155671223904364,0.900428611843055,0.367892200109924,1.15047031006333,0.847940530473135,1.5609372199707,,ok,
Journal of the ACM,m4_full,nodecov.leadership_model_z,0.0538441804559104,0.0668280174755734,0.805712670970543,0.420408541727999,1.05532014983835,0.925761410302149,1.20301041527682,,ok,
Journal of the ACM,m4_full,absdiff.leadership_model_z,-0.0961292343995827,0.100503088873727,-0.956480397536441,0.338829583305292,0.90834661885309,0.745936137812625,1.10611825618388,,ok,
Nature Climate Change,m0_edges,edges,-2.73506086636281,0.0442844912291984,-61.7611446004259,0,0.064890057361893,0.0594952697749169,0.0707740222098294,***,ok,
Nature Climate Change,m1_prior,edges,-2.83273205416203,0.0465330624672232,-60.8756850284105,0,0.0588518473960442,0.0537217755145196,0.0644718069861851,***,ok,
Nature Climate Change,m1_prior,edgecov.prior,2.74417865682058,0.19399226006073,14.145815178201,1.98206458300476e-45,15.5518352912343,10.6329091353701,22.7463225582489,***,ok,
Nature Climate Change,m2_prior_expertise,edges,-2.84508507977882,0.0470757801263321,-60.436281080075,0,0.0581293208996641,0.0530058174192344,0.0637480584731058,***,ok,
Nature Climate Change,m2_prior_expertise,edgecov.prior,3.07055412727812,0.225331201798786,13.6268484025574,2.7729929472032e-42,21.5538429388048,13.8585860470801,33.5220450233841,***,ok,
Nature Climate Change,m2_prior_expertise,nodecov.expertise_model_z,-0.101444540820498,0.0346202992100613,-2.93020404604176,0.00338739493069387,0.903531287056576,0.844255312412765,0.96696908469198,**,ok,
Nature Climate Change,m3_prior_expertise_similarity,edges,-2.48608413453526,0.0747931190136316,-33.2394766700684,2.89723033910758e-242,0.0832352673513245,0.071885647780622,0.0963768143564543,***,ok,
Nature Climate Change,m3_prior_expertise_similarity,edgecov.prior,2.61185150382518,0.232931968955349,11.212937045691,3.52305412072457e-29,13.624252870119,8.63052074626322,21.5074236800037,***,ok,
Nature Climate Change,m3_prior_expertise_similarity,nodecov.expertise_model_z,0.0153744528174852,0.0372400611269664,0.41284714235746,0.679718609692778,1.01549324773871,0.944012315358264,1.09238674053902,,ok,
Nature Climate Change,m3_prior_expertise_similarity,absdiff.expertise_model_z,-0.357383759627135,0.0637252593418184,-5.60819623675676,2.04446141686171e-08,0.699504004823466,0.617370920513229,0.792563816185739,***,ok,
Nature Climate Change,m4_full,edges,-2.31195791971572,0.0887876750997265,-26.0391762383565,1.78419314186849e-149,0.0990670961306053,0.0832437887169896,0.117898160175254,***,ok,
Nature Climate Change,m4_full,edgecov.prior,2.65399597664729,0.233759092557977,11.3535518452145,7.12100087488357e-30,14.2107110085763,8.98744097196991,22.4696115389349,***,ok,
Nature Climate Change,m4_full,nodecov.expertise_model_z,-0.0613825679080988,0.0447216791458757,-1.37254613602226,0.169893486833308,0.940463379837099,0.861537186571443,1.02662007235514,,ok,
Nature Climate Change,m4_full,absdiff.expertise_model_z,-0.284750637899187,0.0667298549610893,-4.267214997923,1.97928388410492e-05,0.752201801556296,0.659983031841695,0.857306207836345,***,ok,
Nature Climate Change,m4_full,nodecov.leadership_model_z,0.0560891462595594,0.0444123368993352,1.26291814787163,0.206618597228183,1.05769196881675,0.969515289364644,1.15388825031588,,ok,
Nature Climate Change,m4_full,absdiff.leadership_model_z,-0.257156377675844,0.0672211287039605,-3.82552900604141,0.000130491567984838,0.773247285697081,0.677795411223846,0.882141358493852,***,ok,
Nature Materials,m0_edges,edges,-2.83476499203716,0.0257962363636275,-109.890642653366,0,0.0587323267766115,0.0558366053225718,0.0617782221656702,***,ok,
Nature Materials,m1_prior,edges,-2.8825355056083,0.0263923837539698,-109.218459858698,0,0.0559926131150062,0.0531698071899682,0.0589652829141402,***,ok,
Nature Materials,m1_prior,edgecov.prior,4.56096628952935,0.292332794400109,15.6019658994771,7.0586592776791e-55,95.6758857840682,53.9465646165962,169.684115858417,***,ok,
Nature Materials,m2_prior_expertise,edges,-2.88979440751387,0.0265781650715194,-108.728138294638,0,0.0555876398378394,0.052766032927463,0.0585601291457542,***,ok,
Nature Materials,m2_prior_expertise,edgecov.prior,4.79774280237449,0.297897144958595,16.105366847478,2.33906669024558e-58,121.236453804279,67.6173358904727,217.374398702213,***,ok,
Nature Materials,m2_prior_expertise,nodecov.expertise_model_z,-0.087689349361334,0.0196917415300954,-4.45310280085264,8.46382056559467e-06,0.916045402616332,0.88136347890225,0.952092070685385,***,ok,
Nature Materials,m3_prior_expertise_similarity,edges,-3.00381189360119,0.0487929270911061,-61.5624450648857,0,0.0495976466176757,0.0450741651823551,0.054575088413946,***,ok,
Nature Materials,m3_prior_expertise_similarity,edgecov.prior,4.99145167955643,0.307624930714187,16.2257709996657,3.31528368342958e-59,147.149882997689,80.5200977984462,268.91532248799,***,ok,
Nature Materials,m3_prior_expertise_similarity,nodecov.expertise_model_z,-0.147387005630087,0.0297275492045316,-4.95792655546659,7.12494859500955e-07,0.862959942427519,0.814115523676464,0.91473487555122,***,ok,
Nature Materials,m3_prior_expertise_similarity,absdiff.expertise_model_z,0.110661920350381,0.0386691517861474,2.86176228954739,0.00421292751567476,1.11701720222658,1.03548548342314,1.20496853895559,**,ok,
Nature Materials,m4_full,edges,-2.9224023124451,0.0549175869672886,-53.2143248425284,0,0.053804277236085,0.048313667714362,0.0599188673899194,***,ok,
Nature Materials,m4_full,edgecov.prior,5.01737568174135,0.308049539937378,16.2875610291816,1.20957692425166e-59,151.014473277474,82.5660503613853,276.207606388527,***,ok,
Nature Materials,m4_full,nodecov.expertise_model_z,-0.180599204393408,0.0347870416842458,-5.19156546948333,2.08533233642369e-07,0.834769863751141,0.779750091542418,0.893671873829066,***,ok,
Nature Materials,m4_full,absdiff.expertise_model_z,0.167750249484881,0.0420600252092894,3.98835351738761,6.65334655164175e-05,1.1826412085099,1.08905745293436,1.28426670631312,***,ok,
Nature Materials,m4_full,nodecov.leadership_model_z,0.0183484123926999,0.026892212853715,0.682294629025487,0.495052668576065,1.01851777879374,0.966223287692219,1.07364258234416,,ok,
Nature Materials,m4_full,absdiff.leadership_model_z,-0.125581978286904,0.0376564404703356,-3.33494023116266,0.000853177349807738,0.881983457970332,0.819231476798512,0.949542152815285,***,ok,
Organization Science,m0_edges,edges,-4.38976860878947,0.0724263026680667,-60.6101436505463,0,0.0124035989721941,0.01076210445536,0.0142954631318776,***,ok,
Organization Science,m1_prior,edges,-4.45930912612162,0.0749651060941204,-59.485130595598,0,0.0115703541822686,0.00998930024754159,0.0134016490230222,***,ok,
Organization Science,m1_prior,edgecov.prior,5.92564619491504,0.644884623314988,9.18869202440375,3.97646913779414e-20,374.520370342171,105.812888684343,1325.599457167,***,ok,
Organization Science,m2_prior_expertise,edges,-4.47979359760909,0.0765369083102703,-58.5311544000264,0,0.011335752639669,0.00975665231510087,0.0131704281097398,***,ok,
Organization Science,m2_prior_expertise,edgecov.prior,6.28527523529318,0.663743899402985,9.46942825530535,2.81379578927292e-21,536.611964865461,146.106702302274,1970.83635657616,***,ok,
Organization Science,m2_prior_expertise,nodecov.expertise_model_z,-0.148158988589425,0.0574146280312582,-2.5805094218979,0.0098654664182367,0.862294009135023,0.770518465015881,0.965000829895524,**,ok,
Organization Science,m3_prior_expertise_similarity,edges,-4.63408153159567,0.145269694807738,-31.8998503970756,2.6828377218596e-223,0.00971502588620637,0.00730782100769546,0.0129151668972559,***,ok,
Organization Science,m3_prior_expertise_similarity,edgecov.prior,6.52606346793782,0.697003686478148,9.3630257551621,7.74852804274626e-21,682.705423058266,174.153351658481,2676.30045723825,***,ok,
Organization Science,m3_prior_expertise_similarity,nodecov.expertise_model_z,-0.225053492458006,0.0866712888228665,-2.59663258173022,0.00941425658501819,0.798473505306512,0.67372772498594,0.946316909683024,**,ok,
Organization Science,m3_prior_expertise_similarity,absdiff.expertise_model_z,0.144501775998398,0.111161309252966,1.29992869793896,0.193625408171463,1.15546374706369,0.929252861785301,1.43674184464006,,ok,
Organization Science,m4_full,edges,-4.82502511811323,0.170841298673241,-28.2427326155006,1.74812044547549e-175,0.00802635226103819,0.00574242282067683,0.0112186672124363,***,ok,
Organization Science,m4_full,edgecov.prior,6.60089463872435,0.698452577684598,9.45074132392297,3.3643938866584e-21,735.753128129272,187.153210045309,2892.45728363919,***,ok,
Organization Science,m4_full,nodecov.expertise_model_z,-0.28373245613418,0.0911610975168128,-3.1124291376796,0.001855545544447,0.752968069748197,0.629765212728461,0.900273471130558,**,ok,
Organization Science,m4_full,absdiff.expertise_model_z,0.100117912862786,0.112553636081703,0.889512914448273,0.373727485689186,1.10530123962561,0.886488422040335,1.37812384227881,,ok,
Organization Science,m4_full,nodecov.leadership_model_z,0.163392339397034,0.0611243312610508,2.67311455235748,0.00751505834164748,1.17749857815618,1.04455258992572,1.3273653379754,**,ok,
Organization Science,m4_full,absdiff.leadership_model_z,0.183637187885068,0.0878932969606304,2.08931959814095,0.0366789633660622,1.20157979629603,1.01143116796316,1.42747628568175,*,ok,
Psychological Science,m0_edges,edges,-3.48633703674478,0.0114334992671006,-304.923012220463,0,0.030612800614973,0.0299344078704978,0.0313065675307947,***,ok,
Psychological Science,m1_prior,edges,-3.49743632931383,0.0114959153573165,-304.232957585923,0,0.0302748988886065,0.029600372791791,0.0309647959220817,***,ok,
Psychological Science,m1_prior,edgecov.prior,4.47826558232555,0.204447603890506,21.9042214098236,2.36793405646285e-106,88.0817695371467,59.0006392563349,131.496848552569,***,ok,
Psychological Science,m2_prior_expertise,edges,-3.84612425462507,0.0169866395488207,-226.420549136341,0,0.0213623713108794,0.0206628460521299,0.0220855784760998,***,ok,
Psychological Science,m2_prior_expertise,edgecov.prior,7.75280261810843,0.245137329383296,31.6263648527645,1.60300296451053e-219,2328.08802161453,1439.90648936018,3764.12904340297,***,ok,
Psychological Science,m2_prior_expertise,nodecov.expertise_model_z,-0.741964966061964,0.0161519091037947,-45.9366729526511,0,0.476177323356609,0.461338741837385,0.491493175656573,***,ok,
Psychological Science,m3_prior_expertise_similarity,edges,-3.61851619185727,0.0372743142900015,-97.078008295592,0,0.0268224463442201,0.0249327308217299,0.0288553882457811,***,ok,
Psychological Science,m3_prior_expertise_similarity,edgecov.prior,7.01775153128275,0.25942844896986,27.0508171295356,3.73585147065167e-161,1116.27388699206,671.337352410871,1856.09721596089,***,ok,
Psychological Science,m3_prior_expertise_similarity,nodecov.expertise_model_z,-0.537470460193963,0.0335397367342877,-16.0248860762376,8.56477056683402e-58,0.584224203226487,0.547053681038624,0.623920341761717,***,ok,
Psychological Science,m3_prior_expertise_similarity,absdiff.expertise_model_z,-0.251774019738824,0.0389057143389052,-6.47138920379758,9.71059499812735e-11,0.777420399885157,0.720341971118426,0.839021606944842,***,ok,
Psychological Science,m4_full,edges,-3.03273836484187,0.0401904687121296,-75.4591439717791,0,0.0481835132669083,0.0445335837463091,0.052132587486511,***,ok,
Psychological Science,m4_full,edgecov.prior,7.46154936291815,0.266390069285951,28.0098630662869,1.23220207052909e-172,1739.84161624356,1032.17636433886,2932.68568647368,***,ok,
Psychological Science,m4_full,nodecov.expertise_model_z,-0.78199143784535,0.0347938082977395,-22.4750171396488,7.28754704432467e-112,0.457494032601622,0.427334883727423,0.489781662663414,***,ok,
Psychological Science,m4_full,absdiff.expertise_model_z,-0.0631757291591005,0.039990196478462,-1.57978041426043,0.114157162442078,0.938778488438843,0.868006119477905,1.01532124092122,,ok,
Psychological Science,m4_full,nodecov.leadership_model_z,0.2800304116464,0.00993666592222085,28.1815262622629,9.84995441996543e-175,1.3231700515053,1.29764949408074,1.34919251553424,***,ok,
Psychological Science,m4_full,absdiff.leadership_model_z,-0.943393410542292,0.0215047873800982,-43.8689950227253,0,0.389304521287718,0.373236581439218,0.40606419046773,***,ok,
The Economic Journal,m0_edges,edges,-4.74985535824522,0.0674036796838169,-70.4687842047535,0,0.00865294669000305,0.00758208864518678,0.00987504761864865,***,ok,
The Economic Journal,m1_prior,edges,-4.81004256624291,0.0694504509297119,-69.2586225409965,0,0.00814751288128626,0.00711062275734581,0.00933560511027644,***,ok,
The Economic Journal,m1_prior,edgecov.prior,5.98869756258455,0.575974341492238,10.3975075470706,2.54503143976827e-25,398.894736019967,128.996832946731,1233.49548039018,***,ok,
The Economic Journal,m2_prior_expertise,edges,-4.82028583924051,0.0701957243378497,-68.669222872331,0,0.00806448166430374,0.00702788509113358,0.00925397380158375,***,ok,
The Economic Journal,m2_prior_expertise,edgecov.prior,6.37871984352128,0.613729113378806,10.3933799203431,2.65764806624829e-25,589.172991062273,176.94001579076,1961.82198721943,***,ok,
The Economic Journal,m2_prior_expertise,nodecov.expertise_model_z,-0.104846363011606,0.0543656165640553,-1.92854178133108,0.05378777254296,0.900462856360813,0.809447816768544,1.00171170875778,,ok,
The Economic Journal,m3_prior_expertise_similarity,edges,-4.84836310857708,0.127486737076469,-38.0303333488638,1.820109e-316,0.00784120224674664,0.00610750391848423,0.0100670345029666,***,ok,
The Economic Journal,m3_prior_expertise_similarity,edgecov.prior,6.44817442700707,0.669971381519939,9.62455204038468,6.2980740990975e-22,631.548302261415,169.869504081697,2347.99801321284,***,ok,
The Economic Journal,m3_prior_expertise_similarity,nodecov.expertise_model_z,-0.128368242777455,0.1049586815919,-1.22303596834968,0.221316111359522,0.879529439140498,0.715991303032741,1.08042099259888,,ok,
The Economic Journal,m3_prior_expertise_similarity,absdiff.expertise_model_z,0.0329799591168019,0.124033714917842,0.265895116812773,0.790319985986421,1.03352982618322,0.810482019811514,1.31796125700449,,ok,
The Economic Journal,m4_full,edges,-4.76712020376616,0.148930577386941,-32.0090090793145,8.17051883331966e-225,0.00850483712543574,0.00635175494198034,0.0113877590037563,***,ok,
The Economic Journal,m4_full,edgecov.prior,6.44826083809264,0.671034907147011,9.60942682625592,7.29539529130568e-22,631.602877393717,169.530426838871,2353.10086909163,***,ok,
The Economic Journal,m4_full,nodecov.expertise_model_z,-0.149269929996076,0.110311689974179,-1.35316510907426,0.176002889082896,0.861336582936242,0.693862931971676,1.06923237273405,,ok,
The Economic Journal,m4_full,absdiff.expertise_model_z,0.0611827736708632,0.126822851759383,0.482427045458207,0.629502612373271,1.06309320187829,0.829120303317742,1.36309188347874,,ok,
The Economic Journal,m4_full,nodecov.leadership_model_z,0.0203503587997362,0.0576984959284806,0.352701720768619,0.72431206918111,1.02055883916656,0.911431632447,1.14275202562884,,ok,
The Economic Journal,m4_full,absdiff.leadership_model_z,-0.0940626418939066,0.090372937199503,-1.04082753984479,0.297955596049292,0.91022574219049,0.76246886905344,1.08661603820596,,ok,
The New England Journal of Medicine,m0_edges,edges,-3.66655727475529,0.0163296467090578,-224.533778353057,0,0.0255643295844303,0.0247590702512475,0.0263957790203551,***,ok,
The New England Journal of Medicine,m1_prior,edges,-3.72642889879523,0.0168217947620382,-221.523859463835,0,0.0240786698514299,0.0232977237450374,0.0248857934860549,***,ok,
The New England Journal of Medicine,m1_prior,edgecov.prior,4.17464517385605,0.107632759171018,38.7860090739005,0,65.0167659193327,52.6509860016235,80.2868126815127,***,ok,
The New England Journal of Medicine,m2_prior_expertise,edges,-3.86407776178815,0.0192472026653718,-200.760486028451,0,0.0209822641626236,0.0202054627288821,0.021788929820489,***,ok,
The New England Journal of Medicine,m2_prior_expertise,edgecov.prior,5.21747789657395,0.120655423835609,43.2427961438574,0,184.468348620969,145.618948174462,233.682306248902,***,ok,
The New England Journal of Medicine,m2_prior_expertise,nodecov.expertise_model_z,-0.406047221191821,0.0148300894434675,-27.3799576691482,4.7520077858556e-165,0.666278704207529,0.6471907559381,0.685929623696485,***,ok,
The New England Journal of Medicine,m3_prior_expertise_similarity,edges,-3.61288381579007,0.0333083528016035,-108.467801974769,0,0.0269739467020558,0.0252692209455107,0.0287936775832661,***,ok,
The New England Journal of Medicine,m3_prior_expertise_similarity,edgecov.prior,4.89915555674504,0.122657672208131,39.9416968262037,0,134.176427452771,105.503752311481,170.641453877744,***,ok,
The New England Journal of Medicine,m3_prior_expertise_similarity,nodecov.expertise_model_z,-0.285723135896258,0.0190611632966134,-14.9898057873006,8.56031711248698e-51,0.751470642393924,0.723913755479721,0.780076524455207,***,ok,
The New England Journal of Medicine,m3_prior_expertise_similarity,absdiff.expertise_model_z,-0.246180143539844,0.028660397568916,-8.58955787155034,8.7304623499516e-18,0.781781379374585,0.739075999164042,0.826954367112621,***,ok,
The New England Journal of Medicine,m4_full,edges,-3.55163320811529,0.0372493551138422,-95.3475086282896,0,0.028677764628403,0.0266586409103269,0.0308498166447601,***,ok,
The New England Journal of Medicine,m4_full,edgecov.prior,4.89305121238579,0.122384164949109,39.9810810035798,0,133.359863165142,104.917911492381,169.512077112944,***,ok,
The New England Journal of Medicine,m4_full,nodecov.expertise_model_z,-0.26502091300283,0.0214344675452006,-12.364240559928,4.0804956606176e-35,0.767189905563422,0.735626715167722,0.800107362963588,***,ok,
The New England Journal of Medicine,m4_full,absdiff.expertise_model_z,-0.222267708235143,0.0296150888388636,-7.50521835151354,6.13262913901296e-14,0.800700981393294,0.755547004826711,0.848553508264161,***,ok,
The New England Journal of Medicine,m4_full,nodecov.leadership_model_z,-0.0471102504900757,0.0143142116027677,-3.2911523035587,0.000997778765815055,0.953982214785546,0.927589396079936,0.981125991708414,***,ok,
The New England Journal of Medicine,m4_full,absdiff.leadership_model_z,-0.0766333289688885,0.022264413120661,-3.44196492193967,0.000577505132069201,0.926229412843276,0.886679600735354,0.967543320613798,***,ok,
