journal,current_tie,0,1
Cell,0,363293,357
Cell,1,13181,11690
Ecological Applications,0,419923,45
Ecological Applications,1,2577,195
Geology,0,2369,9
Geology,1,78,29
Journal of the ACM,0,5939,1
Journal of the ACM,1,162,3
Nature Climate Change,0,8309,59
Nature Climate Change,1,489,54
Nature Materials,0,27075,14
Nature Materials,1,1516,75
Organization Science,0,15557,3
Organization Science,1,180,13
Psychological Science,0,257441,33
Psychological Science,1,7794,88
The Economic Journal,0,25652,4
The Economic Journal,1,209,13
The New England Journal of Medicine,0,150299,145
The New England Journal of Medicine,1,3619,227
