journal,number_of_nodes,number_of_edges,possible_dyads,density,number_of_prior_dyads,isolates,mean_degree,median_degree,max_degree,expertise_column_used,leadership_column_used,expertise_mean,expertise_sd,leadership_mean,leadership_sd,estimation_method,script_version
Cell,882,24871,388521,0.064014557771652,12047,0,56.3968253968254,21,216,expertise_z,leadership_z,4.30242890948842e-16,1,-9.63389106459029e-16,0.999999999999999,MLE,SciSciNet separate ERGM M0--M4 MLE 2026-08-19 v1
Ecological Applications,920,2772,422740,0.00655722193310309,240,0,6.02608695652174,5,23,expertise_z,leadership_z,-1.51991945599498e-15,0.999999999999991,7.88379023899581e-16,1,MLE,SciSciNet separate ERGM M0--M4 MLE 2026-08-19 v1
Geology,71,107,2485,0.0430583501006036,38,0,3.01408450704225,3,8,expertise_z,leadership_z,1.5636944008805e-17,1,-4.06560544228931e-17,1,MLE,SciSciNet separate ERGM M0--M4 MLE 2026-08-19 v1
Journal of the ACM,111,165,6105,0.027027027027027,4,0,2.97297297297297,3,5,expertise_z,leadership_z,1.20024110770287e-17,1,1.97789732540202e-16,1,MLE,SciSciNet separate ERGM M0--M4 MLE 2026-08-19 v1
Nature Climate Change,134,543,8911,0.060935921894288,113,0,8.1044776119403,6,21,expertise_z,leadership_z,-9.77659081386332e-17,1,4.80544294240739e-17,1,MLE,SciSciNet separate ERGM M0--M4 MLE 2026-08-19 v1
Nature Materials,240,1591,28680,0.0554741980474198,89,0,13.2583333333333,14,27,expertise_z,leadership_z,-2.90508358110249e-16,0.999999999999999,-2.40548322002117e-17,1,MLE,SciSciNet separate ERGM M0--M4 MLE 2026-08-19 v1
Organization Science,178,193,15753,0.0122516346092808,16,0,2.1685393258427,2,6,expertise_z,leadership_z,-4.14774332233556e-16,1,1.69028336895178e-16,1,MLE,SciSciNet separate ERGM M0--M4 MLE 2026-08-19 v1
Psychological Science,729,7882,265356,0.0297034926664556,121,0,21.6241426611797,4,107,expertise_z,leadership_z,1.35237043328826e-16,1,-1.38861639760387e-15,1,MLE,SciSciNet separate ERGM M0--M4 MLE 2026-08-19 v1
The Economic Journal,228,222,25878,0.00857871551124507,17,0,1.94736842105263,2,4,expertise_z,leadership_z,1.08100662924028e-16,0.999999999999999,4.16333634234434e-16,1,MLE,SciSciNet separate ERGM M0--M4 MLE 2026-08-19 v1
The New England Journal of Medicine,556,3846,154290,0.02492708535874,372,0,13.8345323741007,9,42,expertise_z,leadership_z,6.20856284049599e-16,0.999999999999998,-5.53613909311735e-16,1,MLE,SciSciNet separate ERGM M0--M4 MLE 2026-08-19 v1
