"domain","term","construct","k","pooled_log_odds","pooled_se_KH","pooled_ci_lower","pooled_ci_upper","pooled_p_value_KH","pooled_odds_ratio","pooled_OR_ci_lower","pooled_OR_ci_upper","tau2_REML","I2_percent","H2","Cochran_Q","Q_df","Q_p_value","prediction_log_odds_lower","prediction_log_odds_upper","prediction_OR_lower","prediction_OR_upper"
"MyDreamTeam","edgecov.prior","Prior collaboration",10,1.72144352750022,0.25056146237595,1.15463412066527,2.28825293433517,7.30499217008982e-05,5.59259570593174,3.17286232037487,9.85770057816779,0.546982065239575,89.2095939587755,9.26749184580745,86.9048295733634,9,6.78934492175843e-15,-0.0450146028023624,3.48790165780281,0.955983521692743,32.7172236971453
"MyDreamTeam","nodecov.expertise_model_z","Expertise level",10,-0.0782892707911997,0.0284352843898499,-0.142614353049902,-0.0139641885324968,0.0223578617262521,0.924696900047708,0.867088394420309,0.986132858495347,0.0017533511057559,18.5750082912601,1.22812416558424,9.76283239072333,9,0.370024386176174,-0.192789210994594,0.0362106694121946,0.824655784192393,1.03687426117459
"MyDreamTeam","absdiff.expertise_model_z","Expertise absolute difference",10,-0.0307665062679296,0.0502771592094467,-0.144501342098725,0.082968329562866,0.555720360617654,0.969701965975368,0.865453750877952,1.0865073978391,0.00762499067975837,30.6807765054692,1.44260127218375,12.9479375166711,9,0.16497622032143,-0.258703772383229,0.19717075984737,0.772051692205777,1.2179520002475
"MyDreamTeam","nodecov.leadership_model_z","Status-related attribute level",10,0.0352593639693943,0.0301228025811299,-0.032883149653065,0.103401877591854,0.271851224112081,1.03588834607399,0.967651623411038,1.10893697645985,0.00092650478290102,9.51133220456252,1.10511075515074,9.36094636558176,9,0.404644564898801,-0.0616150706000148,0.132133798538803,0.940244744987219,1.14126100810751
"MyDreamTeam","absdiff.leadership_model_z","Status-related attribute difference",10,-0.0512339940431243,0.0370610422574778,-0.135071896246645,0.0326039081603961,0.200179773321644,0.95005633699759,0.873653097051446,1.03314123937241,0,0,1,6.5363524831243,9,0.685266784012256,-0.135071896246645,0.0326039081603961,0.873653097051446,1.03314123937241
"GHTorrent","edgecov.prior","Prior collaboration",10,5.11398525983718,0.478338452408344,4.03190850347984,6.19606201619452,2.04607704142606e-06,166.331911647453,56.3683879192005,490.812419045114,2.15444317440232,99.231391215696,130.105200515691,998.475334930024,9,3.67550132956633e-209,1.62171655306496,8.6062539666094,5.06177166309863,5465.73545266557
"GHTorrent","nodecov.expertise_model_z","Expertise level",10,-0.0603183953596033,0.126627492545345,-0.346769684628231,0.226132893909025,0.64518006445914,0.941464727857825,0.706968135137439,1.25374226891866,0.151789211007134,99.3705828250971,158.8771390222,1428.91789286634,9,4.36342983999534e-302,-0.987040372788216,0.86640358206901,0.372678048507916,2.3783419424597
"GHTorrent","absdiff.expertise_model_z","Expertise absolute difference",10,-0.135701131202003,0.158998019557322,-0.495379640014328,0.223977377610321,0.415531718028948,0.873103536903284,0.609339533710444,1.25104271753237,0.247445733624044,99.1288447327179,114.790099716655,805.632173524068,9,1.3037862026369e-167,-1.3170716484896,1.04566938608559,0.26791871452469,2.84530249223323
"GHTorrent","nodecov.leadership_model_z","Status-related attribute level",10,0.0114540574080266,0.04251737072577,-0.0847269173226207,0.107635032138674,0.7936986469186,1.01151990629574,0.918763148447041,1.11364122795083,0.0160901840695674,95.0450735896525,20.1819344463254,173.13388681396,9,1.37167474277785e-32,-0.291184281652442,0.314092396468495,0.747377937285654,1.36901622296815
"GHTorrent","absdiff.leadership_model_z","Status-related attribute difference",10,-0.244216735877202,0.054284228348497,-0.367016191862728,-0.121417279891677,0.00149140765303604,0.783317842783791,0.692798427256541,0.885664312566694,0.0241813007684812,92.3219784525111,13.0241885076117,142.358169163637,9,3.36110065439479e-26,-0.61680767442846,0.128374202674055,0.539664475378443,1.13697838345422
"SciSciNet","edgecov.prior","Prior collaboration",10,5.68090373248655,0.492619983579727,4.56651990809414,6.79528755687897,1.0797567215812e-06,293.214297505981,96.2087113450444,893.626191017001,2.34373512142399,98.395711436379,62.3329258012607,599.981860687987,9,2.11304162617514e-123,2.04283061354057,9.31897685143254,7.71240918051836,11147.5703959146
"SciSciNet","nodecov.expertise_model_z","Expertise level",10,-0.259621920178289,0.0640831620653559,-0.404588104259192,-0.114655736097386,0.00287917977049689,0.771343159965337,0.667251592352863,0.891673061921556,0.0395609597661742,97.6872124150753,43.2378661368742,307.508806343373,9,6.66035345530102e-61,-0.732340304574705,0.213096464218127,0.480782494961108,1.23750402034384
"SciSciNet","absdiff.expertise_model_z","Expertise absolute difference",10,-0.0142291877470392,0.0619586931831988,-0.154389489329029,0.12593111383495,0.823493465901576,0.985871568684737,0.85693818772367,1.13420403462556,0.0325917770700895,95.3329683509053,21.426895619917,187.679499587944,9,1.25878064810658e-35,-0.446002976251757,0.417544600757679,0.640181866716406,1.51822911655738
"SciSciNet","nodecov.leadership_model_z","Status-related attribute level",10,0.0632603633039656,0.035695204265056,-0.0174877987017758,0.144008525309707,0.110117239725994,1.06530416923969,0.982664225371196,1.15489395431158,0.011068817358415,97.2076610197484,35.8122708980653,457.884894360112,9,5.91040683404379e-93,-0.18806280284607,0.314583529454001,0.828562669504847,1.36968875713128
"SciSciNet","absdiff.leadership_model_z","Status-related attribute difference",10,-0.239300364979889,0.110709943809925,-0.489743657362499,0.0111429274027196,0.0589226945954259,0.787178406033763,0.612783456580139,1.01120524105536,0.113574367649774,99.198870850047,124.823818988317,1478.45667034534,9,8.59710748416431e-313,-1.04174799827451,0.563147268314729,0.352837383460134,1.75619101595528
