"scope","label","model","status","reason","nsim","gof_cores"
"separate","C","m4_full","ok","",100,1
"separate","C","m5_full_gwesp","ok","",100,1
"separate","C_plus_plus","m4_full","ok","",100,1
"separate","C_plus_plus","m5_full_gwesp","ok","",100,1
"separate","CSS","m4_full","ok","",100,1
"separate","CSS","m5_full_gwesp","ok","",100,1
"separate","HTML","m4_full","ok","",100,1
"separate","HTML","m5_full_gwesp","ok","",100,1
"separate","Java","m4_full","ok","",100,1
"separate","Java","m5_full_gwesp","ok","",100,1
"separate","JavaScript","m4_full","ok","",100,1
"separate","JavaScript","m5_full_gwesp","ok","",100,1
"separate","Jupyter_Notebook","m4_full","ok","",100,1
"separate","Jupyter_Notebook","m5_full_gwesp","ok","",100,1
"separate","Python","m4_full","ok","",100,1
"separate","Python","m5_full_gwesp","ok","",100,1
"separate","Ruby","m4_full","ok","",100,1
"separate","Ruby","m5_full_gwesp","ok","",100,1
"separate","TypeScript","m4_full","ok","",100,1
"separate","TypeScript","m5_full_gwesp","ok","",100,1
"block","all_languages","m4_full","ok","",100,1
"block","all_languages","m5_full_gwesp","ok","",100,1
