"language","model","term","Estimate","Std_Error","z_value","p_value","Odds_Ratio","CI_95_Lower","CI_95_Upper","significance","status","error"
"C","m0_edges","edges",-0.884793511065867,0.0206623079162767,-42.8216206365249,0,0.412799402987985,0.396415793661436,0.429860136331428,"***","ok",NA
"C","m1_prior","edges",-4.48176591194039,0.125704522974724,-35.6531794233177,2.10357762954156e-278,0.0113134170059675,0.00884284362546427,0.0144742358648453,"***","ok",NA
"C","m1_prior","edgecov.prior",4.80064346167091,0.128583443498539,37.3348491147341,4.46620691457846e-305,121.588629975684,94.5018973819274,156.439133487611,"***","ok",NA
"C","m2_prior_expertise","edges",-4.19733756414605,0.126242791367219,-33.2481365366573,2.17191283212961e-242,0.0150355547776129,0.0117397655469851,0.019256594739122,"***","ok",NA
"C","m2_prior_expertise","edgecov.prior",4.12610574853884,0.132772126892569,31.0765960078158,4.98957560477634e-212,61.9362573262532,47.7449059628409,80.3457435766955,"***","ok",NA
"C","m2_prior_expertise","nodecov.expertise_model_z",0.463595524552712,0.0264844511254329,17.5044414685839,1.32520520703708e-68,1.58977981347706,1.50936042326331,1.67448398433212,"***","ok",NA
"C","m3_prior_expertise_similarity","edges",-2.87448028761084,0.132869593550199,-21.6338457189969,8.62818052164064e-104,0.0564454672907729,0.0435038999462568,0.0732369001769886,"***","ok",NA
"C","m3_prior_expertise_similarity","edgecov.prior",3.95413903287752,0.134805687754128,29.3321379739517,4.03816128509506e-189,52.1507745078641,40.0416388880536,67.9218772581638,"***","ok",NA
"C","m3_prior_expertise_similarity","nodecov.expertise_model_z",0.298750298515902,0.0266300013682401,11.2185611403011,3.30605638348562e-29,1.34817294065546,1.2796101942823,1.4204093449998,"***","ok",NA
"C","m3_prior_expertise_similarity","absdiff.expertise_model_z",-1.26733466193567,0.0528038665418621,-24.0007928383606,2.72828070380062e-127,0.281581131394116,0.253896077253413,0.312284988468149,"***","ok",NA
"C","m4_full","edges",-2.90582053251242,0.135829253007115,-21.3931864320876,1.54626836411739e-101,0.0547038858642041,0.0419177519142828,0.0713901626872367,"***","ok",NA
"C","m4_full","edgecov.prior",3.95557853841864,0.134869966398313,29.3288316446717,4.44988462020457e-189,52.2258998954753,40.0942689151954,68.0282916658568,"***","ok",NA
"C","m4_full","nodecov.expertise_model_z",0.305501947136787,0.0292043224364071,10.4608469449008,1.3068226778202e-25,1.35730612797224,1.28179504594671,1.43726559940815,"***","ok",NA
"C","m4_full","absdiff.expertise_model_z",-1.2800630897225,0.0547426156718273,-23.3833015469386,6.3202990056443e-121,0.278019759710389,0.249734077699862,0.309509168717926,"***","ok",NA
"C","m4_full","nodecov.leadership_model_z",-0.0276553794413579,0.0242997472369326,-1.13809329667945,0.255081526908869,0.972723529572105,0.927481079633362,1.02017290245667,"","ok",NA
"C","m4_full","absdiff.leadership_model_z",0.0366688450778599,0.0362205890161929,1.01237572534965,0.311358440352721,1.03734944057892,0.966258860250326,1.11367036943974,"","ok",NA
"C","m5_full_gwesp","edges",-13.8341697404761,2.49978191537336,-5.53415066146272,3.12740070717247e-08,9.81513822320224e-07,7.31204905042578e-09,0.000131750946521558,"***","ok",NA
"C","m5_full_gwesp","edgecov.prior",3.47893857740482,0.130746720251846,26.6082282653336,5.45181980662462e-156,32.4252868718041,25.0951601719663,41.896494045625,"***","ok",NA
"C","m5_full_gwesp","nodecov.expertise_model_z",0.371886419011991,0.0350181635536014,10.6198150123651,2.41038308985069e-26,1.4504682263226,1.35425409375641,1.55351797367345,"***","ok",NA
"C","m5_full_gwesp","absdiff.expertise_model_z",-1.2240104203915,0.0562951906215252,-21.742717395178,8.09608368230332e-105,0.294048540834799,0.263329548781129,0.328351089983226,"***","ok",NA
"C","m5_full_gwesp","nodecov.leadership_model_z",-0.0334722303147699,0.0259812578160989,-1.28832216483489,0.197633840630204,0.967081766414766,0.919067696945045,1.01760419394636,"","ok",NA
"C","m5_full_gwesp","absdiff.leadership_model_z",0.0247449993832689,0.0389933812396042,0.634594861913034,0.525692680085673,1.02505369786924,0.949630774983844,1.10646696715708,"","ok",NA
"C","m5_full_gwesp","gwesp.fixed.0.25",8.77760051291705,1.9632936764772,4.47085457366061,7.79076630157574e-06,6487.29230888543,138.31655112325,304265.549994978,"***","ok",NA
"C++","m0_edges","edges",-1.75295957210953,0.0202858747780003,-86.4128163706597,0,0.173260407232621,0.166506673934477,0.180288080982427,"***","ok",NA
"C++","m1_prior","edges",-5.09740296787852,0.132848677395207,-38.369994100238,0,0.00611260058997747,0.00471132367420748,0.00793065570449861,"***","ok",NA
"C++","m1_prior","edgecov.prior",4.16056599428708,0.134710553954776,30.8852266741019,1.88618479477191e-209,64.1077969802706,49.2314825722347,83.4792985897487,"***","ok",NA
"C++","m2_prior_expertise","edges",-5.08100598444991,0.133224270228613,-38.1387413549417,0,0.0062136550304262,0.00478568765380735,0.00806770345875461,"***","ok",NA
"C++","m2_prior_expertise","edgecov.prior",4.12146057356805,0.136957831885101,30.0929163147508,5.99811321692664e-199,61.6492197599296,47.135348716632,80.6321879542395,"***","ok",NA
"C++","m2_prior_expertise","nodecov.expertise_model_z",0.0316047133790489,0.0202284317823837,1.56239068451033,0.11819598027584,1.03210944560496,0.991989245570874,1.07385227457172,"","ok",NA
"C++","m3_prior_expertise_similarity","edges",-4.88859804549152,0.138077141102498,-35.4048324469769,1.43878546095935e-274,0.00753197456218703,0.00574612685223729,0.00987284866211125,"***","ok",NA
"C++","m3_prior_expertise_similarity","edgecov.prior",4.07970483800744,0.137088050617553,29.7597406895001,1.29738575750116e-194,59.1280149312916,45.1961659351605,77.3543967143288,"***","ok",NA
"C++","m3_prior_expertise_similarity","nodecov.expertise_model_z",0.0195663130825437,0.0204236519027384,0.958022256534849,0.338051535711589,1.0197589879805,0.979743922879995,1.06140836322838,"","ok",NA
"C++","m3_prior_expertise_similarity","absdiff.expertise_model_z",-0.168132295921394,0.0334714514423128,-5.02315521665281,5.08294325875331e-07,0.845242005217649,0.791570493268416,0.902552651292539,"***","ok",NA
"C++","m4_full","edges",-4.54289901926466,0.139997388039484,-32.4498841220053,5.4370197086923e-231,0.0106425089503176,0.00808864623632618,0.0140027136121895,"***","ok",NA
"C++","m4_full","edgecov.prior",4.06140417580091,0.139013631273193,29.2158699733507,1.21922046458405e-187,58.0557743846671,44.2094009880596,76.2388284861333,"***","ok",NA
"C++","m4_full","nodecov.expertise_model_z",0.0808044474110799,0.0238636647402963,3.38608710315282,0.000708968766317968,1.08415886576285,1.03461736687186,1.13607260408356,"***","ok",NA
"C++","m4_full","absdiff.expertise_model_z",-0.0578391220216795,0.0354427206638755,-1.63190412412756,0.102699685111776,0.943801772144883,0.880463456946839,1.01169648561304,"","ok",NA
"C++","m4_full","nodecov.leadership_model_z",0.181502045360144,0.0225624181444491,8.04444116752611,8.66398706741971e-16,1.19901698912877,1.14714896786715,1.25323020853374,"***","ok",NA
"C++","m4_full","absdiff.leadership_model_z",-0.510788019068241,0.0321063805856431,-15.9092370348543,5.46757331951169e-57,0.600022563242889,0.563427550101862,0.638994448062537,"***","ok",NA
"C++","m5_full_gwesp","edges",-10.7145011359254,1.03016284531559,-10.4007838999891,2.45901840151585e-25,2.22203696955998e-05,2.95025098153826e-06,0.000167356890142171,"***","ok",NA
"C++","m5_full_gwesp","edgecov.prior",3.18581013817843,0.130084822914585,24.4902523353571,1.87625096366376e-132,24.186875181778,18.7434411383587,31.2111808467064,"***","ok",NA
"C++","m5_full_gwesp","nodecov.expertise_model_z",0.0685926692509543,0.0235659318265328,2.91067078339445,0.00360653805625829,1.07099986910811,1.02265628464219,1.12162877875524,"**","ok",NA
"C++","m5_full_gwesp","absdiff.expertise_model_z",-0.0877278853554927,0.0363504151636759,-2.41339431641917,0.0158047106141151,0.916010102576213,0.853017940837948,0.983653998176678,"*","ok",NA
"C++","m5_full_gwesp","nodecov.leadership_model_z",0.191342073515521,0.0220831990165279,8.66459942566808,4.53103299548437e-18,1.21087358903007,1.15958131363462,1.26443469842993,"***","ok",NA
"C++","m5_full_gwesp","absdiff.leadership_model_z",-0.494129656634519,0.0319619332513457,-15.4599426996086,6.4656021778106e-54,0.610101674232501,0.573054160491207,0.649544281437972,"***","ok",NA
"C++","m5_full_gwesp","gwesp.fixed.0.25",5.44008149732655,0.821848815193103,6.61932145761912,3.60851383304991e-11,230.460964647817,46.0283642019889,1153.90275425229,"***","ok",NA
"CSS","m0_edges","edges",-3.6752273649456,0.0589554137765525,-62.3390988124537,0,0.025343642611684,0.0225779846965269,0.0284480758341361,"***","ok",NA
"CSS","m1_prior","edges",-4.90492613102305,0.108862330291085,-45.0562294405038,0,0.00740999043111079,0.00598621293273924,0.00917240312132167,"***","ok",NA
"CSS","m1_prior","edgecov.prior",5.12213494681744,0.150100204802071,34.124769873377,3.16631196818937e-255,167.693003364592,124.953109809845,225.051968856413,"***","ok",NA
"CSS","m2_prior_expertise","edges",-4.73552105006409,0.110075907520463,-43.02050427505,0,0.00877787392821466,0.00707441992082077,0.0108915036938734,"***","ok",NA
"CSS","m2_prior_expertise","edgecov.prior",5.89701284649197,0.202616126594329,29.1043607713357,3.16155149993012e-186,363.948671922561,244.663852629776,541.390296811159,"***","ok",NA
"CSS","m2_prior_expertise","nodecov.expertise_model_z",-0.286890237181085,0.0448558225545654,-6.39583048180855,1.59677077026302e-10,0.750594111641255,0.687421492019586,0.819572164925087,"***","ok",NA
"CSS","m3_prior_expertise_similarity","edges",-4.96334943359762,0.134549459181531,-36.8886613427496,7.02349372174974e-298,0.0069894777905878,0.00536925360505767,0.00909862028850756,"***","ok",NA
"CSS","m3_prior_expertise_similarity","edgecov.prior",6.07492955612283,0.215172646142202,28.2328152069482,2.31390611499886e-175,434.818871110296,285.200137222295,662.929031223665,"***","ok",NA
"CSS","m3_prior_expertise_similarity","nodecov.expertise_model_z",-0.389330975154479,0.0571437788003165,-6.81318217535034,9.54631252141974e-12,0.677509993926211,0.605722825260681,0.757805010356593,"***","ok",NA
"CSS","m3_prior_expertise_similarity","absdiff.expertise_model_z",0.250661799585779,0.0797355282478518,3.14366512762812,0.00166846251361656,1.28487546542656,1.09897745842074,1.5022191301608,"**","ok",NA
"CSS","m4_full","edges",-4.89248031831602,0.15527518702748,-31.5084490444064,6.65466324282881e-218,0.00750279006976619,0.005534136761924,0.0101717505823639,"***","ok",NA
"CSS","m4_full","edgecov.prior",6.0001531960149,0.212080572451176,28.2918568479262,4.35264450084865e-176,403.490601910476,266.26053225609,611.448735757399,"***","ok",NA
"CSS","m4_full","nodecov.expertise_model_z",-0.429956337446744,0.0602322739380775,-7.13830492085963,9.44888459401853e-13,0.650537498231389,0.57809816195035,0.732053939035877,"***","ok",NA
"CSS","m4_full","absdiff.expertise_model_z",0.35803937586594,0.0860360320878046,4.16150497852505,3.16157104254007e-05,1.43052194741136,1.20853484374764,1.69328427112599,"***","ok",NA
"CSS","m4_full","nodecov.leadership_model_z",0.202327670776317,0.0554525563322084,3.64866264350737,0.000263608993526489,1.22424909304659,1.09816506077651,1.36480925805962,"***","ok",NA
"CSS","m4_full","absdiff.leadership_model_z",-0.24439781578236,0.0848112242736285,-2.88166829185077,0.00395575927040064,0.783176012504805,0.663233731078709,0.924809215546572,"**","ok",NA
"CSS","m5_full_gwesp","edges",-5.97538442764448,0.194564701610536,-30.7115544504343,3.99018717353098e-207,0.00254052525088158,0.00173502884076679,0.00371997767340541,"***","ok",NA
"CSS","m5_full_gwesp","edgecov.prior",4.70083961024164,0.223057609516651,21.074553880623,1.36183324792409e-98,110.039523988376,71.068677310785,170.380219497216,"***","ok",NA
"CSS","m5_full_gwesp","nodecov.expertise_model_z",-0.477783929656543,0.0503397414625527,-9.49118759403965,2.28416923588533e-21,0.620156179865389,0.56188963750251,0.684464816141969,"***","ok",NA
"CSS","m5_full_gwesp","absdiff.expertise_model_z",0.374905430161156,0.0741637185995073,5.05510561283596,4.30152661805006e-07,1.45485382282072,1.25802690063988,1.68247566462966,"***","ok",NA
"CSS","m5_full_gwesp","nodecov.leadership_model_z",0.177734823009952,0.0456067524039379,3.89711640582867,9.73448363588517e-05,1.19450852305813,1.09236556556126,1.30620248078344,"***","ok",NA
"CSS","m5_full_gwesp","absdiff.leadership_model_z",-0.24590873936417,0.0833988488899156,-2.9485867327589,0.00319230548491684,0.781993586901114,0.664068160652847,0.92086024626341,"**","ok",NA
"CSS","m5_full_gwesp","gwesp.fixed.0.25",1.8817614924635,0.15731004404905,11.9621191630762,5.61114023625568e-33,6.56505898487789,4.82318166191161,8.93600998181017,"***","ok",NA
"HTML","m0_edges","edges",-4.56740948991738,0.0352744281844156,-129.482169520618,0,0.010384826901528,0.00969109972159003,0.0111282138119415,"***","ok",NA
"HTML","m1_prior","edges",-5.45466640042411,0.0549167004394266,-99.3261859648803,0,0.00427630311669314,0.00383992235251797,0.00476227555326689,"***","ok",NA
"HTML","m1_prior","edgecov.prior",5.85804600204126,0.0907112267549477,64.5790627202794,0,350.039498873863,293.023261778604,418.149910789136,"***","ok",NA
"HTML","m2_prior_expertise","edges",-5.30202732104113,0.0549895157079559,-96.4188764490981,0,0.00498148459442736,0.00447250434169344,0.00554838785357586,"***","ok",NA
"HTML","m2_prior_expertise","edgecov.prior",7.08993851489682,0.135867814908884,52.1826197002689,0,1199.83402642394,919.323062589759,1565.93666529945,"***","ok",NA
"HTML","m2_prior_expertise","nodecov.expertise_model_z",-0.355593344826319,0.0243486338229308,-14.6042421686687,2.63900392455278e-48,0.700757528976173,0.668100500361284,0.735010846648438,"***","ok",NA
"HTML","m3_prior_expertise_similarity","edges",-5.35841376299566,0.0699837927448133,-76.5664956532781,0,0.00470836877602071,0.00410486675099844,0.00540059833260473,"***","ok",NA
"HTML","m3_prior_expertise_similarity","edgecov.prior",7.14707582657435,0.143496754537947,49.8065329044383,0,1270.38569039851,958.933939447271,1682.99372457245,"***","ok",NA
"HTML","m3_prior_expertise_similarity","nodecov.expertise_model_z",-0.381544282674538,0.0316637836803387,-12.0498638610727,1.94270526350451e-33,0.682806148906144,0.641718658043765,0.726524359452618,"***","ok",NA
"HTML","m3_prior_expertise_similarity","absdiff.expertise_model_z",0.0582204811365451,0.0440048774891098,1.32304609076467,0.185820050673765,1.05994866863625,0.972360091381807,1.15542707902293,"","ok",NA
"HTML","m4_full","edges",-5.21360408777621,0.0771771206545288,-67.553752246266,0,0.00544202476575412,0.00467806252919053,0.00633074769015662,"***","ok",NA
"HTML","m4_full","edgecov.prior",7.07983153445245,0.145397167456704,48.6930499286422,0,1187.76840359886,893.238021002735,1579.41528172307,"***","ok",NA
"HTML","m4_full","nodecov.expertise_model_z",-0.35625504938204,0.0328466986746123,-10.8459925580708,2.08361817854568e-27,0.700293987907326,0.656630004108113,0.746861499521732,"***","ok",NA
"HTML","m4_full","absdiff.expertise_model_z",0.0714435508629459,0.045537617156019,1.56889084947438,0.116673374410182,1.07405751936992,0.982347485076325,1.17432942257234,"","ok",NA
"HTML","m4_full","nodecov.leadership_model_z",0.00225588125267596,0.0309560920520966,0.072873580065581,0.941906718083555,1.00225842766723,0.943255528374535,1.06495210005399,"","ok",NA
"HTML","m4_full","absdiff.leadership_model_z",-0.16696570539709,0.0510270343027245,-3.2721028701481,0.00106750726916633,0.846228631914463,0.765689386118288,0.935239420128512,"**","ok",NA
"HTML","m5_full_gwesp","edges",-6.95649814378824,0.124042833856752,-56.0814190348295,0,0.000952426000459007,0.000746867997853336,0.0012145590505385,"***","ok",NA
"HTML","m5_full_gwesp","edgecov.prior",5.26247020866373,0.145815233046525,36.0899893564936,3.25604235815838e-285,192.957548482876,144.991098646667,256.792422873176,"***","ok",NA
"HTML","m5_full_gwesp","nodecov.expertise_model_z",-0.371611156761669,0.0268446289501513,-13.8430356944671,1.40160043043089e-43,0.689622345381856,0.654275586953759,0.726878686493897,"***","ok",NA
"HTML","m5_full_gwesp","absdiff.expertise_model_z",0.105102086345499,0.0397126065360631,2.64656731232325,0.00813133204802675,1.11082400453072,1.02764047927785,1.20074091467163,"**","ok",NA
"HTML","m5_full_gwesp","nodecov.leadership_model_z",-0.00193136363715841,0.0287395873684123,-0.0672022048333639,0.946420729891529,0.998070500245453,0.943403729505996,1.05590500896348,"","ok",NA
"HTML","m5_full_gwesp","absdiff.leadership_model_z",-0.0471109556601885,0.047720122856435,-0.987234584494278,0.32352765100769,0.953981542066037,0.868799942088978,1.04751478276398,"","ok",NA
"HTML","m5_full_gwesp","gwesp.fixed.0.25",2.57544598753987,0.102973443758955,25.0107784446696,4.66707774145075e-138,13.1371748684606,10.7361659534642,16.0751393255824,"***","ok",NA
"Java","m0_edges","edges",-2.56097274403331,0.0142944083575959,-179.159058560995,0,0.0772295792805001,0.0750958647922707,0.0794239194440563,"***","ok",NA
"Java","m1_prior","edges",-5.65587387362079,0.0748290360762992,-75.5839466895416,0,0.00349691588865011,0.00301987818551719,0.00404930927046625,"***","ok",NA
"Java","m1_prior","edgecov.prior",4.44606695262754,0.076513360223523,58.1083740099635,0,85.2908305833545,73.4129805407689,99.0904568648955,"***","ok",NA
"Java","m2_prior_expertise","edges",-5.80319865245738,0.0758051059812523,-76.554192192444,0,0.00301788612147708,0.0026012149355835,0.00350130107190122,"***","ok",NA
"Java","m2_prior_expertise","edgecov.prior",4.11074381394993,0.0778341082799045,52.8141698388451,0,60.9920674521999,52.3624096982325,71.0439476244973,"***","ok",NA
"Java","m2_prior_expertise","nodecov.expertise_model_z",0.32573241159056,0.016428982012195,19.8266947610493,1.75179678774346e-87,1.38504469737372,1.34115556843868,1.43037009193224,"***","ok",NA
"Java","m3_prior_expertise_similarity","edges",-5.42606603386646,0.079358525378317,-68.3740783740547,0,0.00440037271422745,0.00376650130731685,0.00514091950174082,"***","ok",NA
"Java","m3_prior_expertise_similarity","edgecov.prior",3.97853293243514,0.0780092777874073,51.0007661303766,0,53.4385786862698,45.8619018784945,62.2669705145335,"***","ok",NA
"Java","m3_prior_expertise_similarity","nodecov.expertise_model_z",0.36312296113123,0.0167347823222425,21.6986964119992,2.11061718750012e-104,1.43781264344133,1.39141718844915,1.48575510982722,"***","ok",NA
"Java","m3_prior_expertise_similarity","absdiff.expertise_model_z",-0.408310859542301,0.028644443296035,-14.2544526113663,4.20587179307955e-46,0.664772195918832,0.628478180461,0.703162156150892,"***","ok",NA
"Java","m4_full","edges",-5.31891291607637,0.0817881787779061,-65.0327834113993,0,0.00489807545121375,0.00417259244671388,0.00574969720435482,"***","ok",NA
"Java","m4_full","edgecov.prior",3.76143438712823,0.0793782596941559,47.386203749251,0,43.0100748517695,36.8130719497963,50.2502627674639,"***","ok",NA
"Java","m4_full","nodecov.expertise_model_z",0.500123068047608,0.0193285537518943,25.8748313229899,1.27891298717282e-147,1.64892418809403,1.58762486322857,1.71259032348003,"***","ok",NA
"Java","m4_full","absdiff.expertise_model_z",-0.289059909878072,0.0295470493765671,-9.78303810286102,1.3315247379148e-22,0.748967333516918,0.706825029560273,0.793622244849505,"***","ok",NA
"Java","m4_full","nodecov.leadership_model_z",-0.052147034910964,0.0177304419311511,-2.94110181311079,0.00327047019143088,0.949189292618871,0.916769958721628,0.982755057199561,"**","ok",NA
"Java","m4_full","absdiff.leadership_model_z",-0.278392258898248,0.025363781318855,-10.9759761527078,4.98643392048758e-28,0.756999823351376,0.720287190877538,0.795583678026898,"***","ok",NA
"Java","m5_full_gwesp","edges",-7.9243263069417,0.240731189784955,-32.9177383039584,1.22531229108559e-237,0.000361833532476445,0.000225732601383621,0.00057999378212049,"***","ok",NA
"Java","m5_full_gwesp","edgecov.prior",2.92284359704133,0.0689545416700852,42.3879780250842,0,18.5940864438493,16.2434978333374,21.2848275801633,"***","ok",NA
"Java","m5_full_gwesp","nodecov.expertise_model_z",0.440564533893282,0.0187330554670604,23.518028581507,2.66762513185148e-122,1.55358402183184,1.49757591644438,1.61168678421441,"***","ok",NA
"Java","m5_full_gwesp","absdiff.expertise_model_z",-0.311755515358264,0.0296122230984878,-10.5279334929158,6.42290141583336e-26,0.732160508348052,0.690875619160663,0.775912472690425,"***","ok",NA
"Java","m5_full_gwesp","nodecov.leadership_model_z",-0.0439213105628694,0.016100810413982,-2.72789439994449,0.00637400094486911,0.95702926260414,0.927299297293887,0.987712394642686,"**","ok",NA
"Java","m5_full_gwesp","absdiff.leadership_model_z",-0.246475549774188,0.0238850383011866,-10.319244485446,5.76751955464271e-25,0.781550470388881,0.745805657953289,0.81900845247186,"***","ok",NA
"Java","m5_full_gwesp","gwesp.fixed.0.25",2.70343666035865,0.19590574648897,13.7996802483324,2.55985527168428e-43,14.9309562793207,10.1701951354906,21.920273155529,"***","ok",NA
"JavaScript","m0_edges","edges",-4.71379088888608,0.0288878597575409,-163.175497542894,0,0.00897070609259674,0.00847689464294636,0.00949328394292531,"***","ok",NA
"JavaScript","m1_prior","edges",-5.83826315546469,0.0511719453011978,-114.091092709115,0,0.00291389922322192,0.00263582206041895,0.00322131330888996,"***","ok",NA
"JavaScript","m1_prior","edgecov.prior",4.44322985067793,0.0642592541346047,69.1453691848125,0,85.0491947364691,74.9845215252756,96.464782040166,"***","ok",NA
"JavaScript","m2_prior_expertise","edges",-5.81319816572768,0.0519253750274937,-111.952935585919,0,0.00298785910712172,0.00269873563014904,0.00330795723163043,"***","ok",NA
"JavaScript","m2_prior_expertise","edgecov.prior",4.56138317539135,0.0785073899197097,58.1013224367327,0,95.7157800232797,82.0647599573389,111.637571964232,"***","ok",NA
"JavaScript","m2_prior_expertise","nodecov.expertise_model_z",-0.0450511980533024,0.017246174213514,-2.61224301085863,0.00899502907693802,0.955948537875996,0.924175121826639,0.988814333436122,"**","ok",NA
"JavaScript","m3_prior_expertise_similarity","edges",-6.24495326371725,0.0622617443538085,-100.301611021845,0,0.00194022125446384,0.00171732697268158,0.00219204529839482,"***","ok",NA
"JavaScript","m3_prior_expertise_similarity","edgecov.prior",4.90786760863498,0.0852334465838165,57.5814754106969,0,135.350486255854,114.526937041598,159.960220738656,"***","ok",NA
"JavaScript","m3_prior_expertise_similarity","nodecov.expertise_model_z",-0.217368970436059,0.0218108305672312,-9.96610238046762,2.14481093279549e-23,0.804633028727746,0.770960454165941,0.839776291275547,"***","ok",NA
"JavaScript","m3_prior_expertise_similarity","absdiff.expertise_model_z",0.39031097477246,0.0273616054747037,14.2649149419726,3.62033084052826e-46,1.47744016907229,1.4002940188588,1.55883651846725,"***","ok",NA
"JavaScript","m4_full","edges",-5.85670454923877,0.067361272001801,-86.9446846116887,0,0.00286065531511229,0.00250683909949487,0.0032644092847958,"***","ok",NA
"JavaScript","m4_full","edgecov.prior",4.92069512250685,0.0873308478373945,56.3454408649385,0,137.097879893572,115.529586894414,162.692771406605,"***","ok",NA
"JavaScript","m4_full","nodecov.expertise_model_z",-0.137606114085498,0.0223150719634375,-6.1665099853122,6.98136740847753e-10,0.87144187283328,0.834148649968205,0.910402405801556,"***","ok",NA
"JavaScript","m4_full","absdiff.expertise_model_z",0.303443199768053,0.0296803962905212,10.2236909776357,1.55312047723815e-24,1.35451465201056,1.2779658357891,1.43564866221829,"***","ok",NA
"JavaScript","m4_full","nodecov.leadership_model_z",-0.130182616736847,0.0226335389044131,-5.75175704014473,8.83206675729136e-09,0.877935090639181,0.839839604006001,0.917758604975384,"***","ok",NA
"JavaScript","m4_full","absdiff.leadership_model_z",-0.286314479096129,0.0389652060006206,-7.3479524037822,2.01266136060653e-13,0.751026396703422,0.695804685120329,0.810630713772476,"***","ok",NA
"JavaScript","m5_full_gwesp","edges",-7.1191757789138,0.100804349051324,-70.6236967542849,0,0.000809433628523664,0.000664316209276315,0.000986251411355324,"***","ok",NA
"JavaScript","m5_full_gwesp","edgecov.prior",3.35193832067018,0.0818016833910688,40.9763978162355,0,28.5580346597826,24.3274908409334,33.5242688595357,"***","ok",NA
"JavaScript","m5_full_gwesp","nodecov.expertise_model_z",-0.221193494307669,0.0166509642399767,-13.2841252386221,2.86183300452828e-40,0.801561567683383,0.775824158600593,0.828152796821854,"***","ok",NA
"JavaScript","m5_full_gwesp","absdiff.expertise_model_z",0.156369271869892,0.0242429140302227,6.45010214840316,1.11774788117735e-10,1.16925789742885,1.11499861233717,1.22615760734803,"***","ok",NA
"JavaScript","m5_full_gwesp","nodecov.leadership_model_z",-0.0489368664064338,0.0182088354085177,-2.68753411783503,0.00719817483201475,0.952241246212614,0.918855703350501,0.986839813566097,"**","ok",NA
"JavaScript","m5_full_gwesp","absdiff.leadership_model_z",-0.231063445030553,0.0347521333317302,-6.64889958912485,2.95292352486314e-11,0.793689108808044,0.741427700633661,0.849634294621211,"***","ok",NA
"JavaScript","m5_full_gwesp","gwesp.fixed.0.25",2.35209433509738,0.0871664492454177,26.9839411316967,2.28113566867379e-160,10.5075530335904,8.8573541785735,12.4651976795509,"***","ok",NA
"Jupyter Notebook","m0_edges","edges",-3.28739114006375,0.0475894970797165,-69.0780811269573,0,0.0373511663593436,0.0340247678177516,0.0410027670394711,"***","ok",NA
"Jupyter Notebook","m1_prior","edges",-4.37653774198768,0.0813513770588764,-53.7979552432192,0,0.0125687998032129,0.0107163309824524,0.0147414939639249,"***","ok",NA
"Jupyter Notebook","m1_prior","edgecov.prior",5.60821314886295,0.145370870982276,38.5786582344047,0,272.656605705408,205.056641656478,362.541900785322,"***","ok",NA
"Jupyter Notebook","m2_prior_expertise","edges",-4.26446726470236,0.0815805021770206,-52.2731185871955,0,0.0140593550530282,0.0119818167529,0.0164971196425005,"***","ok",NA
"Jupyter Notebook","m2_prior_expertise","edgecov.prior",6.27442706095593,0.188225840925924,33.3345678260257,1.21919075364234e-243,530.822165873478,367.052324969722,767.662135925316,"***","ok",NA
"Jupyter Notebook","m2_prior_expertise","nodecov.expertise_model_z",-0.279413533254559,0.0376593209500077,-7.41950534969755,1.17558552124901e-13,0.756227113485602,0.702418567729098,0.814157645376086,"***","ok",NA
"Jupyter Notebook","m3_prior_expertise_similarity","edges",-3.96483605420642,0.100738884796451,-39.3575535625354,0,0.0189711465971725,0.0155719467567207,0.0231123576797538,"***","ok",NA
"Jupyter Notebook","m3_prior_expertise_similarity","edgecov.prior",6.17811710243359,0.189084575771081,32.673829037823,3.67686127556509e-234,482.083387612935,332.789891345277,698.351718776334,"***","ok",NA
"Jupyter Notebook","m3_prior_expertise_similarity","nodecov.expertise_model_z",-0.133357340210171,0.0481958055241979,-2.76699058683054,0.0056576388722361,0.875152309117058,0.796266684047354,0.96185308201011,"**","ok",NA
"Jupyter Notebook","m3_prior_expertise_similarity","absdiff.expertise_model_z",-0.346586489034405,0.0760441956086858,-4.55769814198439,5.17172929848985e-06,0.707097660448643,0.609185102521287,0.820747420353198,"***","ok",NA
"Jupyter Notebook","m4_full","edges",-3.97521628103332,0.122226427402556,-32.5233778447999,4.98281351390396e-232,0.0187752403271447,0.0147755708719298,0.0238575993034373,"***","ok",NA
"Jupyter Notebook","m4_full","edgecov.prior",6.1506229355883,0.188494473093287,32.6302561271615,1.52737547389311e-233,469.009458484985,324.13943181403,678.627314539698,"***","ok",NA
"Jupyter Notebook","m4_full","nodecov.expertise_model_z",-0.16138477657436,0.0515721472433124,-3.12930108984919,0.00175222660906865,0.850964576870346,0.769152372684598,0.94147887571436,"**","ok",NA
"Jupyter Notebook","m4_full","absdiff.expertise_model_z",-0.31373408313525,0.0783185926487872,-4.00586977529286,6.17896864052179e-05,0.730713311319472,0.626730581841483,0.851948123818404,"***","ok",NA
"Jupyter Notebook","m4_full","nodecov.leadership_model_z",0.0871516913920666,0.0501121344281275,1.73913349304773,0.082011284508678,1.09106217190578,0.988992933889608,1.20366548857125,"","ok",NA
"Jupyter Notebook","m4_full","absdiff.leadership_model_z",-0.0622635619657068,0.0742000950653333,-0.839130487782847,0.401396089281504,0.939635202051484,0.812454189685129,1.0867250414162,"","ok",NA
"Jupyter Notebook","m5_full_gwesp","edges",-5.84959975007926,0.220589444067072,-26.5180402209121,6.00400760889889e-155,0.00288105206820872,0.00186974156079357,0.00443936274070242,"***","ok",NA
"Jupyter Notebook","m5_full_gwesp","edgecov.prior",5.06710338643638,0.199411640319061,25.4102688204608,1.94199328590351e-142,158.713927949209,107.367397164249,234.616015572506,"***","ok",NA
"Jupyter Notebook","m5_full_gwesp","nodecov.expertise_model_z",-0.202021675608388,0.0427493708177441,-4.72572278243997,2.29298287999044e-06,0.81707721710451,0.751405036975013,0.888489091580912,"***","ok",NA
"Jupyter Notebook","m5_full_gwesp","absdiff.expertise_model_z",-0.269791187128856,0.074250960556783,-3.63350433591408,0.000279597746287877,0.763538914444744,0.66012697914676,0.883150806266087,"***","ok",NA
"Jupyter Notebook","m5_full_gwesp","nodecov.leadership_model_z",0.0488329437622391,0.0431307597494405,1.1322068993434,0.257547460178639,1.05004491953326,0.964926500965272,1.14267183245006,"","ok",NA
"Jupyter Notebook","m5_full_gwesp","absdiff.leadership_model_z",-0.0605914543688831,0.0733705640958529,-0.825827838664632,0.408901759788711,0.941207687527151,0.815138077377004,1.08677527850351,"","ok",NA
"Jupyter Notebook","m5_full_gwesp","gwesp.fixed.0.25",2.26767467755589,0.168285932264911,13.4751291865928,2.19101533239064e-41,9.6569192347049,6.94369636606315,13.4303235898096,"***","ok",NA
"Python","m0_edges","edges",-3.96536018666625,0.0248280264877699,-159.71306413015,0,0.0189612058088132,0.0180605889897471,0.0199067331596036,"***","ok",NA
"Python","m1_prior","edges",-5.59097531999495,0.0560058816211745,-99.8283601321103,0,0.00373138679322349,0.00334346746288069,0.00416431371180343,"***","ok",NA
"Python","m1_prior","edgecov.prior",5.52845496301361,0.0677611094803349,81.5874327532674,0,251.754640151474,220.443888467405,287.512615017083,"***","ok",NA
"Python","m2_prior_expertise","edges",-5.50360200454137,0.0565607930047988,-97.3041874443738,0,0.00407207734915867,0.00364477312290883,0.00454947767072465,"***","ok",NA
"Python","m2_prior_expertise","edgecov.prior",6.74355697579377,0.0899555901111338,74.965402010732,0,848.573730318097,711.406516213101,1012.18833307716,"***","ok",NA
"Python","m2_prior_expertise","nodecov.expertise_model_z",-0.625613341438012,0.024004795383992,-26.0620151694862,9.83265976665725e-150,0.534933231163518,0.510347843133784,0.56070299042692,"***","ok",NA
"Python","m3_prior_expertise_similarity","edges",-5.35972509424131,0.0704730211029675,-76.053573557039,0,0.00470219859139081,0.00409555837523822,0.0053986952613248,"***","ok",NA
"Python","m3_prior_expertise_similarity","edgecov.prior",6.67193385967962,0.0916364014582143,72.808771989175,0,789.921726110639,660.05720982807,945.336743680359,"***","ok",NA
"Python","m3_prior_expertise_similarity","nodecov.expertise_model_z",-0.596466297209765,0.0255215307905913,-23.3711019179797,8.41048946628872e-121,0.55075440386413,0.523882164132639,0.579005039955769,"***","ok",NA
"Python","m3_prior_expertise_similarity","absdiff.expertise_model_z",-0.148652556803031,0.045494423633696,-3.26748961586864,0.00108505846893356,0.861868513235595,0.788343297613626,0.942251093344102,"**","ok",NA
"Python","m4_full","edges",-5.20623089805677,0.0746632990848706,-69.7294515761858,0,0.00548229813595817,0.00473595935173679,0.00634625228371276,"***","ok",NA
"Python","m4_full","edgecov.prior",6.7886045716901,0.0957120179635773,70.9273998827762,0,887.674011734193,735.83728673472,1070.84156417905,"***","ok",NA
"Python","m4_full","nodecov.expertise_model_z",-0.491956541984636,0.0275743280441178,-17.841107177572,3.38913614087188e-71,0.611428936743172,0.579260942552073,0.645383310395174,"***","ok",NA
"Python","m4_full","absdiff.expertise_model_z",-0.142412195500976,0.0455977628261394,-3.12322769088436,0.00178879306446394,0.867263700603965,0.79311756835306,0.948341527659191,"**","ok",NA
"Python","m4_full","nodecov.leadership_model_z",-0.195879113151154,0.0268758405748091,-7.28829718296337,3.13896978161552e-13,0.822111611153483,0.779926370399584,0.866578598755553,"***","ok",NA
"Python","m4_full","absdiff.leadership_model_z",-0.243311542442283,0.0452768018194217,-5.37386769084721,7.70654159597492e-08,0.784027217964976,0.717448526487904,0.856784362662236,"***","ok",NA
"Python","m5_full_gwesp","edges",-12.3509856462591,0.330026764624903,-37.4241939446845,1.57944067594827e-306,4.32548776346706e-06,2.26522128795772e-06,8.25960999544186e-06,"***","ok",NA
"Python","m5_full_gwesp","edgecov.prior",3.81118696099171,0.0639068405855871,59.6366042518967,0,45.2040624942931,39.8821778404743,51.2361003494199,"***","ok",NA
"Python","m5_full_gwesp","nodecov.expertise_model_z",-0.327784932873621,0.0158510164623307,-20.6791112514827,5.34158462898059e-95,0.720517962770882,0.698477072215317,0.74325436771884,"***","ok",NA
"Python","m5_full_gwesp","absdiff.expertise_model_z",-0.041282901041053,0.0204681065718192,-2.01693795643472,0.0437019884103967,0.959557631693084,0.921824528294123,0.998835266668733,"*","ok",NA
"Python","m5_full_gwesp","nodecov.leadership_model_z",0.0816022833778787,0.0141515007194049,5.76633425640744,8.10143056016125e-09,1.08502419184791,1.05534248224459,1.11554070522328,"***","ok",NA
"Python","m5_full_gwesp","absdiff.leadership_model_z",-0.208210120542,0.0238365986687072,-8.73489223172345,2.43888539305341e-18,0.812036393257644,0.774970857212447,0.850874710755889,"***","ok",NA
"Python","m5_full_gwesp","gwesp.fixed.0.25",7.22947294171367,0.249199769385675,29.0107529374353,4.81485836840256e-185,1379.49523805193,846.441756154212,2248.2434236872,"***","ok",NA
"Ruby","m0_edges","edges",-1.4683593141721,0.127232745697701,-11.5407343142689,8.22203054105383e-31,0.230303030303512,0.179472103436864,0.295530529543491,"***","ok",NA
"Ruby","m1_prior","edges",-3.82136863715868,0.583636924243599,-6.54751006734405,5.85042783487742e-11,0.0218978102190073,0.00697587850494446,0.068738882428612,"***","ok",NA
"Ruby","m1_prior","edgecov.prior",2.84913788940219,0.599593225968885,4.75178465333436,2.01629051600887e-06,17.272884283224,5.33311324684255,55.9434082218834,"***","ok",NA
"Ruby","m2_prior_expertise","edges",-3.97783089621899,0.617000600714043,-6.44704541878164,1.14051617734631e-10,0.0187262144185425,0.00558789809798738,0.062755458367348,"***","ok",NA
"Ruby","m2_prior_expertise","edgecov.prior",2.78862753303859,0.603943131838172,4.61736773883175,3.88638219921254e-06,16.2586899669978,4.97735683760885,53.1095133556766,"***","ok",NA
"Ruby","m2_prior_expertise","nodecov.expertise_model_z",0.0900257338884519,0.111489101608322,0.807484611408261,0.419387336877422,1.09420244142648,0.879419801647733,1.36144191952509,"","ok",NA
"Ruby","m3_prior_expertise_similarity","edges",-3.97173127797518,0.640151689498098,-6.2043595965343,5.49200791469085e-10,0.0188407862446244,0.00537267912243768,0.0660704311994288,"***","ok",NA
"Ruby","m3_prior_expertise_similarity","edgecov.prior",2.55008036305349,0.605123501153273,4.21414861295823,2.50722162670864e-05,12.8081330419861,3.91195911441709,41.9350681392948,"***","ok",NA
"Ruby","m3_prior_expertise_similarity","nodecov.expertise_model_z",0.431195679932886,0.157182049687536,2.74328831307433,0.00608272528995864,1.53909669082946,1.13101884873728,2.09441127030451,"**","ok",NA
"Ruby","m3_prior_expertise_similarity","absdiff.expertise_model_z",-0.739858351161926,0.224093905413021,-3.30155498784455,0.000961504860908241,0.477181502939524,0.307560825198953,0.740348471234359,"***","ok",NA
"Ruby","m4_full","edges",-4.2756003928202,0.904523171876277,-4.72691084734868,2.27961291196904e-06,0.0139036985317195,0.00236148219183127,0.0818608048494447,"***","ok",NA
"Ruby","m4_full","edgecov.prior",2.25299960468536,0.625171312882529,3.60381156054213,0.000313584446059133,9.51623801949679,2.79452971046591,32.405733853736,"***","ok",NA
"Ruby","m4_full","nodecov.expertise_model_z",0.621564418616924,0.179794251546908,3.45708727208534,0.000546047978318685,1.86183845944469,1.30887460204905,2.64841448037928,"***","ok",NA
"Ruby","m4_full","absdiff.expertise_model_z",-0.472986859276975,0.25414208389273,-1.86111191044068,0.062728374592364,0.623138259611133,0.378664252546534,1.02545008666609,"","ok",NA
"Ruby","m4_full","nodecov.leadership_model_z",0.181802599156242,0.131371100692746,1.38388578764706,0.166393429236,1.19937741239701,0.927108423824307,1.55160512018038,"","ok",NA
"Ruby","m4_full","absdiff.leadership_model_z",-0.5968811358099,0.209305979468352,-2.8517156429358,0.00434839805436545,0.550525977061616,0.365269129660091,0.829741214927427,"**","ok",NA
"Ruby","m5_full_gwesp","edges",-4.81673055357042,0.798383287879616,-6.03310543531406,1.60838398367874e-09,0.00809320422860758,0.00169247758360097,0.0387006335094803,"***","ok",NA
"Ruby","m5_full_gwesp","edgecov.prior",1.65752885506643,0.530761361594915,3.12292675202586,0.00179062305378434,5.2463303700219,1.85379814597996,14.8473459265784,"**","ok",NA
"Ruby","m5_full_gwesp","nodecov.expertise_model_z",0.459799448052479,0.157210552500648,2.92473654432697,0.00344747955525899,1.58375632772623,1.16377236230193,2.15530475448953,"**","ok",NA
"Ruby","m5_full_gwesp","absdiff.expertise_model_z",-0.321948062167236,0.246351723558645,-1.3068634451449,0.191259092943319,0.724735830560784,0.447178497709496,1.17456905193113,"","ok",NA
"Ruby","m5_full_gwesp","nodecov.leadership_model_z",0.123466491222276,0.118944689645779,1.0380160021432,0.299262605183454,1.13141209167058,0.896134199958297,1.42846163134715,"","ok",NA
"Ruby","m5_full_gwesp","absdiff.leadership_model_z",-0.52019091145478,0.203026920725415,-2.56217702359933,0.010401828476941,0.594407058021095,0.399267493845561,0.884919899745104,"*","ok",NA
"Ruby","m5_full_gwesp","gwesp.fixed.0.25",0.956162960299716,0.327771258053765,2.91716536092031,0.00353228451815679,2.60169449164158,1.3685219577802,4.94607645084296,"**","ok",NA
"TypeScript","m0_edges","edges",-3.22308569863776,0.0450642959193657,-71.5219362220788,0,0.0398319590130723,0.0364646595609298,0.0435102090057362,"***","ok",NA
"TypeScript","m1_prior","edges",-4.79305874127529,0.0989379162811298,-48.4451150927408,0,0.00828707057106612,0.00682626875386164,0.0100604797622391,"***","ok",NA
"TypeScript","m1_prior","edgecov.prior",4.75468472839367,0.120775163960077,39.3680668482913,0,116.127035835374,91.6489398673212,147.142874444953,"***","ok",NA
"TypeScript","m2_prior_expertise","edges",-4.65290303798694,0.0992471207617474,-46.8819951881193,0,0.00953388448878232,0.00784854280245338,0.0115811247684132,"***","ok",NA
"TypeScript","m2_prior_expertise","edgecov.prior",5.45656169744825,0.150915828808997,36.1563246248625,2.95951284761078e-286,234.290476351814,174.298033986681,314.931993514939,"***","ok",NA
"TypeScript","m2_prior_expertise","nodecov.expertise_model_z",-0.302636044277019,0.0343823047028533,-8.80208720423283,1.34294763694387e-18,0.73886796266334,0.690716812804491,0.79037581846846,"***","ok",NA
"TypeScript","m3_prior_expertise_similarity","edges",-5.09808212534522,0.124826598994362,-40.8413123998955,0,0.00610845058106014,0.00478273720485334,0.00780163469224067,"***","ok",NA
"TypeScript","m3_prior_expertise_similarity","edgecov.prior",5.80372164161294,0.1675840912628,34.6316980202599,8.42524688921284e-263,331.531106763081,238.711765668085,460.441798685284,"***","ok",NA
"TypeScript","m3_prior_expertise_similarity","nodecov.expertise_model_z",-0.4556958138108,0.0434031992647173,-10.499129592533,8.71802652476981e-26,0.634006663840447,0.582301989005928,0.690302381553434,"***","ok",NA
"TypeScript","m3_prior_expertise_similarity","absdiff.expertise_model_z",0.396637780149768,0.0607404670679368,6.53004165585585,6.57514017985192e-11,1.48681727777025,1.31994024244248,1.67479219618722,"***","ok",NA
"TypeScript","m4_full","edges",-4.81086508466679,0.136280196579284,-35.301277848304,5.61313934765e-273,0.00814081415712233,0.00623252164304436,0.0106333935020932,"***","ok",NA
"TypeScript","m4_full","edgecov.prior",5.77546199604187,0.170424712042004,33.8886416578977,9.79318377267259e-252,322.29329855683,230.771850072749,450.111095707284,"***","ok",NA
"TypeScript","m4_full","nodecov.expertise_model_z",-0.429859474386637,0.0439698854347869,-9.77622457134156,1.42424432762281e-22,0.650600514336099,0.596879248516651,0.709156886097689,"***","ok",NA
"TypeScript","m4_full","absdiff.expertise_model_z",0.404519316893049,0.0638557121105327,6.33489633931004,2.37500896530241e-10,1.49858198385664,1.32228608494935,1.69838281435572,"***","ok",NA
"TypeScript","m4_full","nodecov.leadership_model_z",-0.0195032073341751,0.0391074999740685,-0.498707596934278,0.617985391905507,0.980685749796702,0.908324207599019,1.05881196582496,"","ok",NA
"TypeScript","m4_full","absdiff.leadership_model_z",-0.281194366262481,0.06777346297595,-4.1490334699625,3.33881996602049e-05,0.754881597705472,0.660980887748919,0.862122093265167,"***","ok",NA
"TypeScript","m5_full_gwesp","edges",-6.73713683495716,0.231609786776954,-29.0883080922879,5.04646207439006e-186,0.00118603812274374,0.00075326609178676,0.00186744955592625,"***","ok",NA
"TypeScript","m5_full_gwesp","edgecov.prior",4.52034211283555,0.179257650003708,25.2170108932145,2.60704455410465e-140,91.8670214898721,64.6505827325394,130.540967779597,"***","ok",NA
"TypeScript","m5_full_gwesp","nodecov.expertise_model_z",-0.506173701634523,0.0395946403278351,-12.783894422162,2.01710769095e-37,0.602797655471391,0.557786393812837,0.651441156457701,"***","ok",NA
"TypeScript","m5_full_gwesp","absdiff.expertise_model_z",0.389595777423859,0.0550130305848641,7.08188175204892,1.42209984120728e-12,1.47638388555127,1.32547414071563,1.64447521876105,"***","ok",NA
"TypeScript","m5_full_gwesp","nodecov.leadership_model_z",-0.0257388926882502,0.0354754267081487,-0.725541454370666,0.46811992295388,0.974589528841267,0.909126774132995,1.04476600706525,"","ok",NA
"TypeScript","m5_full_gwesp","absdiff.leadership_model_z",-0.172696098046861,0.0638943681655305,-2.70283755838166,0.0068750336335904,0.841393277054788,0.742354000731528,0.953645627255159,"**","ok",NA
"TypeScript","m5_full_gwesp","gwesp.fixed.0.25",2.26453492799387,0.183185533473948,12.3619746878971,4.19717902895927e-35,9.62664647607674,6.72270956526504,13.7849659390584,"***","ok",NA
