language_folder,processed_dir,source_layout,number_of_candidates,number_of_all_valid_triplets,number_of_named_processed_dirs,number_of_csv_files_found,candidate_directories,status,error
C,[path removed],files_directly_in_language_folder,1,1,0,9,[path removed],ok,
C++,[path removed],files_directly_in_language_folder,1,1,0,9,[path removed],ok,
CSS,[path removed],files_directly_in_language_folder,1,1,0,9,[path removed],ok,
HTML,[path removed],files_directly_in_language_folder,1,1,0,9,[path removed],ok,
Java,[path removed],files_directly_in_language_folder,1,1,0,9,[path removed],ok,
JavaScript,[path removed],files_directly_in_language_folder,1,1,0,9,[path removed],ok,
Jupyter Notebook,[path removed],files_directly_in_language_folder,1,1,0,9,[path removed],ok,
Python,[path removed],files_directly_in_language_folder,1,1,0,9,[path removed],ok,
Ruby,[path removed],files_directly_in_language_folder,1,1,0,9,[path removed],ok,
TypeScript,[path removed],files_directly_in_language_folder,1,1,0,9,[path removed],ok,
