analysis,model,term,Estimate,Std_Error,z_value,p_value,Odds_Ratio,CI_95_Lower,CI_95_Upper,significance,status,error
block_diagonal_journals,m0_edges,edges,-3.40966774351335,0.00494777317352011,-689.131781901703,0,0.0330521803530218,0.0327332015281307,0.0333742675659097,***,ok,
block_diagonal_journals,m1_prior,edges,-3.7566972239871,0.00585962427611538,-641.115717828515,0,0.0233607684873781,0.0230940080340387,0.0236306103088093,***,ok,
block_diagonal_journals,m1_prior,edgecov.prior_big,6.67382232615629,0.0400949162281341,166.45058660762,0,791.414876247829,731.601736697875,856.118124012903,***,ok,
block_diagonal_journals,m2_prior_expertise,edges,-3.84147431019279,0.00639198195356183,-600.9832846997,0,0.0214619364572161,0.0211947325071334,0.0217325090721742,***,ok,
block_diagonal_journals,m2_prior_expertise,edgecov.prior_big,7.19292485736313,0.0417187040875801,172.414867975358,0,1329.98754613426,1225.56372077329,1443.30877529251,***,ok,
block_diagonal_journals,m2_prior_expertise,nodecov.expertise_model_z,-0.313311800378802,0.00512922531760995,-61.0836492799647,0,0.731021944111317,0.72370959278577,0.738408179329576,***,ok,
block_diagonal_journals,m3_prior_expertise_similarity,edges,-3.73718619475657,0.0111936565339074,-333.866434389515,0,0.0238210366760663,0.0233041048160808,0.0243494351231606,***,ok,
block_diagonal_journals,m3_prior_expertise_similarity,edgecov.prior_big,7.07494063312909,0.0427091516937197,165.653972335148,0,1181.97332866364,1087.05849161772,1285.1755084431,***,ok,
block_diagonal_journals,m3_prior_expertise_similarity,nodecov.expertise_model_z,-0.250670700042614,0.00745094100388625,-33.6428244314201,3.97018416097857e-248,0.778278616481162,0.766995346782081,0.789727874377742,***,ok,
block_diagonal_journals,m3_prior_expertise_similarity,absdiff.expertise_model_z,-0.108173038486236,0.00983586792871235,-10.9978132352167,3.91510977811686e-28,0.897472285747695,0.880336252282825,0.914941877716089,***,ok,
block_diagonal_journals,m4_full,edges,-3.55660781772801,0.0129334097091988,-274.993825889425,0,0.0285354581977484,0.0278211904913666,0.0292680636656483,***,ok,
block_diagonal_journals,m4_full,edgecov.prior_big,7.23483675803574,0.0429689507817187,168.373595966738,0,1386.9144770557,1274.89310454287,1508.77886139041,***,ok,
block_diagonal_journals,m4_full,nodecov.expertise_model_z,-0.338874820689883,0.00791227406701376,-42.8290043822737,0,0.712571642733122,0.701606286408318,0.723708375856652,***,ok,
block_diagonal_journals,m4_full,absdiff.expertise_model_z,-0.0522171756234532,0.0100235097952465,-5.20947020456013,1.89380616017534e-07,0.949122718140418,0.93065815012457,0.9679536293425,***,ok,
block_diagonal_journals,m4_full,nodecov.leadership_model_z,0.111303207876371,0.00480250064648362,23.1760943036763,7.93423263040299e-119,1.11773376116028,1.1072620057422,1.12830455155019,***,ok,
block_diagonal_journals,m4_full,absdiff.leadership_model_z,-0.235561849338949,0.00801092970095914,-29.4050576065779,4.73200973655448e-190,0.790126792677713,0.777817567361804,0.802630815635428,***,ok,
