language,focal_start_inclusive,focal_end_exclusive,min_commits_per_user_repository,user_repository_quantile,quantile_rule,prior_cutoff,snapshot_date
C,2020-04-01,2020-05-01,10,0.99,nearest rank; retain users at or above cutoff; retain ties,2020-04-01,2021-03-06
C++,2020-04-01,2020-05-01,10,0.99,nearest rank; retain users at or above cutoff; retain ties,2020-04-01,2021-03-06
CSS,2020-04-01,2020-05-01,10,0.99,nearest rank; retain users at or above cutoff; retain ties,2020-04-01,2021-03-06
HTML,2020-04-01,2020-05-01,10,0.99,nearest rank; retain users at or above cutoff; retain ties,2020-04-01,2021-03-06
Java,2020-04-01,2020-05-01,10,0.99,nearest rank; retain users at or above cutoff; retain ties,2020-04-01,2021-03-06
JavaScript,2020-04-01,2020-05-01,10,0.99,nearest rank; retain users at or above cutoff; retain ties,2020-04-01,2021-03-06
Jupyter Notebook,2020-04-01,2020-05-01,10,0.99,nearest rank; retain users at or above cutoff; retain ties,2020-04-01,2021-03-06
Python,2020-04-01,2020-05-01,10,0.99,nearest rank; retain users at or above cutoff; retain ties,2020-04-01,2021-03-06
Ruby,2020-04-01,2020-05-01,10,0.99,nearest rank; retain users at or above cutoff; retain ties,2020-04-01,2021-03-06
TypeScript,2020-04-01,2020-05-01,10,0.99,nearest rank; retain users at or above cutoff; retain ties,2020-04-01,2021-03-06
