session,model,term,Estimate,Std_Error,MCMC_percent,z_value,p_value,status,error
6,m0_edges,edges,-3.2034769684053,0.0764583593142024,,-41.8983221342842,0,ok,
6,m1_prior,edges,-3.42676694550297,0.0861796484732437,,-39.7630647863095,0,ok,
6,m1_prior,edgecov.prior,2.44593769249124,0.206599472572856,,11.8390316394864,2.45268447154224e-32,ok,
6,m2_prior_expertise,edges,-3.43721091681832,0.0868901918305054,,-39.558100222902,0,ok,
6,m2_prior_expertise,edgecov.prior,2.53505092763802,0.214147980099174,,11.8378465510812,2.48758273376106e-32,ok,
6,m2_prior_expertise,nodecov.expertise_model_z,-0.0916572708660277,0.054112211938607,,-1.69383707637044,0.0902962465797921,ok,
6,m3_prior_expertise_similarity,edges,-3.24111483433563,0.128245591831156,,-25.2727192261141,6.37416512985676e-141,ok,
6,m3_prior_expertise_similarity,edgecov.prior,2.64303770223854,0.222155282302599,,11.8972534654316,1.2230647163041e-32,ok,
6,m3_prior_expertise_similarity,nodecov.expertise_model_z,-0.145213569768564,0.0595232549508403,,-2.43961070154,0.014703097025067,ok,
6,m3_prior_expertise_similarity,absdiff.expertise_model_z,-0.192760606503617,0.0978136396615057,,-1.97069250434485,0.0487590584336143,ok,
6,m4_full,edges,-3.11287707635186,0.157437995234541,,-19.7720827917969,5.17930034803904e-87,ok,
6,m4_full,edgecov.prior,2.62701086521539,0.22579954550925,,11.634261084497,2.75969607339083e-31,ok,
6,m4_full,nodecov.expertise_model_z,-0.182253227981795,0.0687804616277063,,-2.64978198268415,0.0080543727369682,ok,
6,m4_full,absdiff.expertise_model_z,-0.181361862198575,0.0997910133585727,,-1.81741678027558,0.0691533202693857,ok,
6,m4_full,nodecov.leadership_model_z,0.0733011977909124,0.0644971884234974,,1.1365022194395,0.255746437218135,ok,
6,m4_full,absdiff.leadership_model_z,-0.13129067804094,0.104751454995255,,-1.25335421877326,0.210076824737268,ok,
6,m5_full_gwesp,,,,,,,failed,Unconstrained MCMC sampling did not mix at all. Optimization cannot continue.
10,m0_edges,edges,-2.38020729117903,0.0883390862815087,,-26.9439881186235,6.7089517806185e-160,ok,
10,m1_prior,edges,-2.96470016424184,0.120851412188186,,-24.531779236682,6.7686763852853e-133,ok,
10,m1_prior,edgecov.prior,2.42203393462019,0.194571207345353,,12.4480593386112,1.43286931498339e-35,ok,
10,m2_prior_expertise,edges,-2.98661549334468,0.122570224371376,,-24.3665662575237,3.86975441452049e-131,ok,
10,m2_prior_expertise,edgecov.prior,2.4926916694341,0.199906498748808,,12.4692878172325,1.09802996116247e-35,ok,
10,m2_prior_expertise,nodecov.expertise_model_z,-0.131187914857778,0.0696584041829839,,-1.88330347782823,0.0596592523872205,ok,
10,m3_prior_expertise_similarity,edges,-3.08246672106851,0.181805013945763,,-16.9547948880446,1.77379290130676e-64,ok,
10,m3_prior_expertise_similarity,edgecov.prior,2.49225744446372,0.199899518751713,,12.4675509977553,1.12222192752459e-35,ok,
10,m3_prior_expertise_similarity,nodecov.expertise_model_z,-0.117035034947801,0.0728306350964122,,-1.60694788385233,0.108065801072874,ok,
10,m3_prior_expertise_similarity,absdiff.expertise_model_z,0.0833108025074052,0.114162101168385,,0.729758839884389,0.465537607859761,ok,
10,m4_full,edges,-3.12276951713216,0.219358234897257,,-14.2359347420661,5.48249155252214e-46,ok,
10,m4_full,edgecov.prior,2.56174494442215,0.20593629768404,,12.4395017936689,1.59495615616177e-35,ok,
10,m4_full,nodecov.expertise_model_z,-0.159901690425528,0.0767708460918526,,-2.08284392533871,0.0372654522614533,ok,
10,m4_full,absdiff.expertise_model_z,0.0806888780662099,0.114756063305275,,0.703133897609932,0.481972309085442,ok,
10,m4_full,nodecov.leadership_model_z,0.13308496094714,0.0735770006087803,,1.80878480837745,0.0704844413112653,ok,
10,m4_full,absdiff.leadership_model_z,0.0215820453128177,0.115819609233653,,0.186341893705394,0.852176656322402,ok,
10,m5_full_gwesp,,,,,,,failed,下标出界
11,m0_edges,edges,-2.62828523263238,0.103547128425637,,-25.3825023696326,3.93524193626541e-142,ok,
11,m1_prior,edges,-2.90947818547324,0.121019744047764,,-24.0413513378852,1.02811840261368e-127,ok,
11,m1_prior,edgecov.prior,2.08279961228877,0.256875581096515,,8.10820399275794,5.13734377156375e-16,ok,
11,m2_prior_expertise,edges,-2.91160352397474,0.121217308336729,,-24.0197011790314,1.73133519403868e-127,ok,
11,m2_prior_expertise,edgecov.prior,2.09231359127093,0.257661124168948,,8.12040853279444,4.64617024445779e-16,ok,
11,m2_prior_expertise,nodecov.expertise_model_z,0.0429419514436435,0.0785229988791322,,0.546871006668283,0.584467355895227,ok,
11,m3_prior_expertise_similarity,edges,-2.93195044632746,0.185524723461711,,-15.8035564835786,2.9404876224361e-56,ok,
11,m3_prior_expertise_similarity,edgecov.prior,2.09046393095387,0.257957958240165,,8.10389392603116,5.32275176010493e-16,ok,
11,m3_prior_expertise_similarity,nodecov.expertise_model_z,0.0455598900906613,0.0804989849376611,,0.565968504148756,0.571415191315243,ok,
11,m3_prior_expertise_similarity,absdiff.expertise_model_z,0.0182953873026346,0.125607374700137,,0.145655359379267,0.884193463486515,ok,
11,m4_full,edges,-2.92940889859553,0.22512485516466,,-13.0123743842186,1.04057837964529e-38,ok,
11,m4_full,edgecov.prior,2.10546443552558,0.259903687416863,,8.1009409926093,5.45356992933537e-16,ok,
11,m4_full,nodecov.expertise_model_z,0.0689554144593206,0.0906888021336853,,0.760352026236632,0.447044191168683,ok,
11,m4_full,absdiff.expertise_model_z,0.0101129830590861,0.128435852884008,,0.0787395640080287,0.937239775627949,ok,
11,m4_full,nodecov.leadership_model_z,-0.0504037428257389,0.0945930524396859,,-0.532848253923058,0.594138627862963,ok,
11,m4_full,absdiff.leadership_model_z,0.00352667426606906,0.13592136023354,,0.0259464315248871,0.979300065496786,ok,
11,m5_full_gwesp,,,,,,,failed,下标出界
14,m0_edges,edges,-2.33562113027106,0.0914993942925771,,-25.5260829684043,1.01226603346533e-143,ok,
14,m1_prior,edges,-2.49970883559301,0.106726822781299,,-23.421561426178,2.57735418710343e-121,ok,
14,m1_prior,edgecov.prior,0.800024045311128,0.210343848518823,,3.80341070558827,0.000142717451610517,ok,
14,m2_prior_expertise,edges,-2.49983173128751,0.106736969915805,,-23.4204862032283,2.64320429363676e-121,ok,
14,m2_prior_expertise,edgecov.prior,0.79967856810373,0.210353681823346,,3.80159054584695,0.00014377017924937,ok,
14,m2_prior_expertise,nodecov.expertise_model_z,0.0149449814950007,0.0662743968430837,,0.225501584426118,0.821589092917578,ok,
14,m3_prior_expertise_similarity,edges,-2.51193492759995,0.161376799083613,,-15.5656509601387,1.24596033664787e-54,ok,
14,m3_prior_expertise_similarity,edgecov.prior,0.799730457505474,0.21035565319641,,3.80180159341267,0.000143647741713777,ok,
14,m3_prior_expertise_similarity,nodecov.expertise_model_z,0.0154120261180878,0.0664046980491569,,0.23209240567104,0.81646624324808,ok,
14,m3_prior_expertise_similarity,absdiff.expertise_model_z,0.010752423818199,0.107201570688348,,0.100300991386199,0.920105370450697,ok,
14,m4_full,edges,-2.49947812411722,0.200539952958911,,-12.4637414502104,1.17715539645292e-35,ok,
14,m4_full,edgecov.prior,0.80054355893972,0.210446245928023,,3.80402869820507,0.000142361676483415,ok,
14,m4_full,nodecov.expertise_model_z,0.0260848973874774,0.0728795385594573,,0.357917982235804,0.720404693127244,ok,
14,m4_full,absdiff.expertise_model_z,0.0131304025420153,0.107974501500735,,0.12160651227388,0.903210655723247,ok,
14,m4_full,nodecov.leadership_model_z,-0.0279812722414007,0.0776274582882014,,-0.360455860058136,0.718506259726321,ok,
14,m4_full,absdiff.leadership_model_z,-0.0139289268792594,0.117821492664269,,-0.11822059425906,0.90589287252338,ok,
14,m5_full_gwesp,,,,,,,failed,Unconstrained MCMC sampling did not mix at all. Optimization cannot continue.
91,m0_edges,edges,-2.2445978353437,0.124808027380273,,-17.9844027860861,2.5815511828702e-72,ok,
91,m1_prior,edges,-2.46385324059013,0.139200914088669,,-17.6999788882183,4.19464423328488e-70,ok,
91,m1_prior,edgecov.prior,2.68699679190433,0.411554242455501,,6.5289007249023,6.62541450289726e-11,ok,
91,m2_prior_expertise,edges,-2.46382233788381,0.139205534777924,,-17.6991693743671,4.25537133433478e-70,ok,
91,m2_prior_expertise,edgecov.prior,2.68192782485426,0.412896690089043,,6.49539676444463,8.28148606169536e-11,ok,
91,m2_prior_expertise,nodecov.expertise_model_z,0.0141651750289511,0.0957836106496414,,0.147887252661258,0.882431748485871,ok,
91,m3_prior_expertise_similarity,edges,-2.62118733967782,0.243164903487865,,-10.7794640677191,4.30385950525483e-27,ok,
91,m3_prior_expertise_similarity,edgecov.prior,2.70788488060898,0.415017923931696,,6.52474200380474,6.81186833977994e-11,ok,
91,m3_prior_expertise_similarity,nodecov.expertise_model_z,0.0367193461715115,0.101362323076324,,0.362258332850782,0.717158992114845,ok,
91,m3_prior_expertise_similarity,absdiff.expertise_model_z,0.133029304246894,0.163350616110342,,0.814378956226489,0.415427890252808,ok,
91,m4_full,edges,-2.42245692425233,0.279704311016591,,-8.6607779316946,4.68555542207423e-18,ok,
91,m4_full,edgecov.prior,2.63944480490752,0.421062684713065,,6.26853174297831,3.64468331490672e-10,ok,
91,m4_full,nodecov.expertise_model_z,-0.0588858106531554,0.119238899934353,,-0.493847315645945,0.621414014358112,ok,
91,m4_full,absdiff.expertise_model_z,0.248207975493387,0.174965434727566,,1.4186114867766,0.156012315137111,ok,
91,m4_full,nodecov.leadership_model_z,0.164931391924248,0.117734612651874,,1.40087429014549,0.161251668168919,ok,
91,m4_full,absdiff.leadership_model_z,-0.349112761348685,0.180945074343109,,-1.92938527128236,0.0536830508200619,ok,
91,m5_full_gwesp,,,,,,,failed,下标出界
92,m0_edges,edges,-2.50254051738894,0.110253855218253,,-22.6979865006537,4.68987423832845e-114,ok,
92,m1_prior,edges,-2.75001440019799,0.137835590155266,,-19.9514102061754,1.45719854728623e-88,ok,
92,m1_prior,edgecov.prior,0.894663828188403,0.232467237907172,,3.84855877431494,0.000118814792087915,ok,
92,m2_prior_expertise,edges,-2.75719010210288,0.1385735435157,,-19.8969444826999,4.32503646792774e-88,ok,
92,m2_prior_expertise,edgecov.prior,0.917659828238171,0.235000431097653,,3.90492827588407,9.4253335136879e-05,ok,
92,m2_prior_expertise,nodecov.expertise_model_z,-0.0548056193147998,0.0801147702202667,,-0.684088828615719,0.493919075707486,ok,
92,m3_prior_expertise_similarity,edges,-2.84952245607504,0.212497486538997,,-13.4096760506958,5.30701307707005e-41,ok,
92,m3_prior_expertise_similarity,edgecov.prior,0.915133647050838,0.235083747661281,,3.89279844376737,9.90944794346095e-05,ok,
92,m3_prior_expertise_similarity,nodecov.expertise_model_z,-0.0531171683530115,0.0812581531365152,,-0.653684169559867,0.513315304269655,ok,
92,m3_prior_expertise_similarity,absdiff.expertise_model_z,0.0785336818271658,0.134443099583683,,0.584140666723345,0.559125676507656,ok,
92,m4_full,edges,-2.92542163534877,0.261625000289943,,-11.1817358131169,5.01003386644379e-29,ok,
92,m4_full,edgecov.prior,0.929459870228532,0.235935280676091,,3.93946961880856,8.16619420716095e-05,ok,
92,m4_full,nodecov.expertise_model_z,-0.0829975936950097,0.0866497379856663,,-0.95785164069093,0.33813757478637,ok,
92,m4_full,absdiff.expertise_model_z,0.0729489310383272,0.134804930401047,,0.541144384120841,0.588408067915068,ok,
92,m4_full,nodecov.leadership_model_z,0.102616196369755,0.102820931577356,,0.998008817811125,0.318275082823167,ok,
92,m4_full,absdiff.leadership_model_z,0.0683227671789876,0.146205935555297,,0.467305016855126,0.6402816676249,ok,
92,m5_full_gwesp,,,,,,,failed,下标出界
101,m0_edges,edges,-3.31376308061583,0.155243357083005,,-21.3456030768778,4.2840082651001e-101,ok,
101,m1_prior,edges,-3.52289430816192,0.173999977851655,,-20.2465215895912,3.81227482013357e-91,ok,
101,m1_prior,edgecov.prior,2.31892150383598,0.417995737701739,,5.54771566950918,2.89426039453735e-08,ok,
101,m2_prior_expertise,edges,-3.52289293425704,0.174010619947251,,-20.245275462641,3.90991755963371e-91,ok,
101,m2_prior_expertise,edgecov.prior,2.31885163486978,0.418082163882566,,5.54640172480814,2.91608406698383e-08,ok,
101,m2_prior_expertise,nodecov.expertise_model_z,-0.000970119125845352,0.115681049254752,,-0.00838615427587421,0.993308895407064,ok,
101,m3_prior_expertise_similarity,edges,-3.64105758547452,0.280002810559067,,-13.0036465641349,1.16645766484211e-38,ok,
101,m3_prior_expertise_similarity,edgecov.prior,2.31825667517605,0.418317187817381,,5.54186331016381,2.99269884482599e-08,ok,
101,m3_prior_expertise_similarity,nodecov.expertise_model_z,0.028429721010338,0.128197066088696,,0.221765769511982,0.824496227923438,ok,
101,m3_prior_expertise_similarity,absdiff.expertise_model_z,0.10498164785009,0.189226386127396,,0.554793916422475,0.579035628757371,ok,
101,m4_full,edges,-3.53657734817285,0.348566346947119,,-10.1460665355321,3.44989188695793e-24,ok,
101,m4_full,edgecov.prior,2.32119085514705,0.41881296541823,,5.54230897037557,2.98508984473024e-08,ok,
101,m4_full,nodecov.expertise_model_z,0.0239446228192154,0.131691454589969,,0.181823664213967,0.85572111271179,ok,
101,m4_full,absdiff.expertise_model_z,0.10618034258576,0.189322824515115,,0.560842797785761,0.574904708132394,ok,
101,m4_full,nodecov.leadership_model_z,-0.0401747779337159,0.146805329194094,,-0.273660214886341,0.784345754846202,ok,
101,m4_full,absdiff.leadership_model_z,-0.105978228489204,0.218192151372262,,-0.485710543769253,0.627172406976744,ok,
101,m5_full_gwesp,,,,,,,failed,Unconstrained MCMC sampling did not mix at all. Optimization cannot continue.
130,m0_edges,edges,-2.12421609197081,0.105273591333839,,-20.1780528721073,1.52641441690627e-90,ok,
130,m1_prior,edges,-2.16966138977731,0.108861544780822,,-19.9304666688833,2.21487205360807e-88,ok,
130,m1_prior,edgecov.prior,1.02452908547431,0.447395265714286,,2.28998642584786,0.0220221035454388,ok,
130,m2_prior_expertise,edges,-2.17020885627335,0.108920894349108,,-19.9246330948909,2.48863597198594e-88,ok,
130,m2_prior_expertise,edgecov.prior,1.01855762454343,0.447674061070383,,2.27522144595126,0.0228926489868218,ok,
130,m2_prior_expertise,nodecov.expertise_model_z,-0.0311574773353198,0.0763399449245805,,-0.408141207936443,0.683170008158205,ok,
130,m3_prior_expertise_similarity,edges,-2.01597018816883,0.175771436806325,,-11.4692706892425,1.88239018642856e-30,ok,
130,m3_prior_expertise_similarity,edgecov.prior,1.0320050902894,0.448729169089371,,2.29983954995326,0.0214573118698705,ok,
130,m3_prior_expertise_similarity,nodecov.expertise_model_z,-0.0489915302613598,0.0778288816570495,,-0.629477505243354,0.529036491016165,ok,
130,m3_prior_expertise_similarity,absdiff.expertise_model_z,-0.141849028219903,0.13126603497058,,-1.08062247977319,0.279865078751685,ok,
130,m4_full,edges,-2.11024627134312,0.222205131153276,,-9.49683862110043,2.16358976236428e-21,ok,
130,m4_full,edgecov.prior,1.02880789804169,0.4491939500315,,2.29034228526352,0.0220014823792118,ok,
130,m4_full,nodecov.expertise_model_z,-0.0630549550843629,0.0870571520100473,,-0.724293795839838,0.468885385076544,ok,
130,m4_full,absdiff.expertise_model_z,-0.154002057433388,0.132751265021557,,-1.16007977331425,0.246016328476774,ok,
130,m4_full,nodecov.leadership_model_z,0.050632545044799,0.0995914501742072,,0.508402528090831,0.611171080211663,ok,
130,m4_full,absdiff.leadership_model_z,0.0982721588642557,0.135368837999731,,0.725958502092269,0.467864210705116,ok,
130,m5_full_gwesp,,,,,,,failed,下标出界
133,m0_edges,edges,-2.34857020623586,0.12692665191476,,-18.5033652964635,1.93975115170126e-76,ok,
133,m1_prior,edges,-2.70805020110136,0.179786520260658,,-15.06258754647,2.85394579348952e-51,ok,
133,m1_prior,edgecov.prior,0.883500909050312,0.255935375365745,,3.45204686060981,0.000556351094728582,ok,
133,m2_prior_expertise,edges,-2.712111136052,0.180168128219693,,-15.0532236908457,3.28813017836136e-51,ok,
133,m2_prior_expertise,edgecov.prior,0.889473041585689,0.256250587294782,,3.47110635326064,0.00051831866819851,ok,
133,m2_prior_expertise,nodecov.expertise_model_z,-0.0520037467423613,0.0924213649460375,,-0.562681007499998,0.573652119332055,ok,
133,m3_prior_expertise_similarity,edges,-2.69922048947677,0.266996566169434,,-10.1095700525371,5.01036700816491e-24,ok,
133,m3_prior_expertise_similarity,edgecov.prior,0.887644163719895,0.257754303860572,,3.44376078468918,0.000573683037387603,ok,
133,m3_prior_expertise_similarity,nodecov.expertise_model_z,-0.0536590515207893,0.0957152467714835,,-0.560611327147265,0.575062527993097,ok,
133,m3_prior_expertise_similarity,absdiff.expertise_model_z,-0.01075931186883,0.164911458011901,,-0.0652429612747315,0.947980555822206,ok,
133,m4_full,edges,-2.59090570514464,0.306327514582245,,-8.45795947738482,2.72096629508097e-17,ok,
133,m4_full,edgecov.prior,0.862379932681019,0.263102670139338,,3.27773158753694,0.00104644850264098,ok,
133,m4_full,nodecov.expertise_model_z,-0.08905823064665,0.109780195471859,,-0.811241319655687,0.417227101153076,ok,
133,m4_full,absdiff.expertise_model_z,0.0177046142295025,0.167475536787996,,0.105714628948552,0.915808773171046,ok,
133,m4_full,nodecov.leadership_model_z,0.0426092488129702,0.144909293276947,,0.294040829607364,0.768726704181627,ok,
133,m4_full,absdiff.leadership_model_z,-0.142314422526288,0.190998128218036,,-0.745108990617057,0.456205834452752,ok,
133,m5_full_gwesp,,,,,,,failed,Unconstrained MCMC sampling did not mix at all. Optimization cannot continue.
221,m0_edges,edges,-2.89371864121202,0.0953831312572125,,-30.3378448900859,3.63460935939852e-202,ok,
221,m1_prior,edges,-3.44744462602467,0.14364611253973,,-23.9995678621039,2.80982484216371e-127,ok,
221,m1_prior,edgecov.prior,1.37560768373005,0.194149729930183,,7.08529280068903,1.38750623004515e-12,ok,
221,m2_prior_expertise,edges,-3.46622750079929,0.144801998211395,,-23.9377048909157,1.24095371163608e-126,ok,
221,m2_prior_expertise,edgecov.prior,1.40674149780022,0.195256766240888,,7.20457234278235,5.82263032339663e-13,ok,
221,m2_prior_expertise,nodecov.expertise_model_z,-0.108377369752608,0.0642451941634101,,-1.68693349228497,0.0916161411211256,ok,
221,m3_prior_expertise_similarity,edges,-3.17175170599051,0.180958170983491,,-17.5275406949149,8.8307176029422e-69,ok,
221,m3_prior_expertise_similarity,edgecov.prior,1.45184708821692,0.196492075522756,,7.38883277788359,1.48123310752285e-13,ok,
221,m3_prior_expertise_similarity,nodecov.expertise_model_z,-0.207445905346328,0.0747628393513626,,-2.77471946151476,0.00552493434746282,ok,
221,m3_prior_expertise_similarity,absdiff.expertise_model_z,-0.314147545514872,0.126624875247813,,-2.4809307405047,0.0131039831827736,ok,
221,m4_full,edges,-3.04108251598138,0.209160616307726,,-14.5394604857504,6.81274659192112e-48,ok,
221,m4_full,edgecov.prior,1.44504504800756,0.196844759513287,,7.34103895669123,2.11942103309407e-13,ok,
221,m4_full,nodecov.expertise_model_z,-0.158770877416064,0.0806946397876897,,-1.96755172132617,0.0491196393181628,ok,
221,m4_full,absdiff.expertise_model_z,-0.318412035305084,0.130143358722982,,-2.44662530942393,0.0144200661094347,ok,
221,m4_full,nodecov.leadership_model_z,-0.157221979303664,0.098347027229322,,-1.59864495890719,0.109899513985925,ok,
221,m4_full,absdiff.leadership_model_z,-0.135878339176632,0.132919605463391,,-1.02225957339345,0.306658061540868,ok,
221,m5_full_gwesp,,,,,,,failed,Unconstrained MCMC sampling did not mix at all. Optimization cannot continue.
