session,model,AIC,BIC,status,error
6,m0_edges,1505.57232833089,1511.99740623339,ok,
6,m1_prior,1406.69189008824,1419.54204589326,ok,
6,m2_prior_expertise,1405.88922412139,1425.16445782891,ok,
6,m3_prior_expertise_similarity,1403.87369921277,1429.5740108228,ok,
6,m4_full,1404.62039824465,1443.1708656597,ok,
6,m5_full_gwesp,,,failed,Unconstrained MCMC sampling did not mix at all. Optimization cannot continue.
10,m0_edges,961.030393142136,966.440740239957,ok,
10,m1_prior,821.897952594349,832.718646789991,ok,
10,m2_prior_expertise,820.3714736465,836.602514939963,ok,
10,m3_prior_expertise_similarity,821.843557185073,843.484945576357,ok,
10,m4_full,822.50506378991,854.967146376836,ok,
10,m5_full_gwesp,,,failed,下标出界
11,m0_edges,734.709505394292,740.012675445529,ok,
11,m1_prior,683.888354201417,694.494694303891,ok,
11,m2_prior_expertise,685.587778668596,701.497288822307,ok,
11,m3_prior_expertise_similarity,687.566651056334,708.779331261282,ok,
11,m4_full,691.257107302944,723.076127610365,ok,
11,m5_full_gwesp,,,failed,下标出界
14,m0_edges,888.216981491822,893.520151543059,ok,
14,m1_prior,877.128173896489,887.734513998962,ok,
14,m2_prior_expertise,879.07728557527,894.98679572898,ok,
14,m3_prior_expertise_similarity,881.067250663458,902.279930868405,ok,
14,m4_full,884.937779389755,916.756799697176,ok,
14,m5_full_gwesp,,,failed,Unconstrained MCMC sampling did not mix at all. Optimization cannot continue.
91,m0_edges,470.004249553018,474.612250178314,ok,
91,m1_prior,433.683716370728,442.89971762132,ok,
91,m2_prior_expertise,435.661807413572,449.48580928946,ok,
91,m3_prior_expertise_similarity,437.008678834755,455.440681335939,ok,
91,m4_full,434.186098424262,461.834102176039,ok,
91,m5_full_gwesp,,,failed,下标出界
92,m0_edges,632.548123720732,637.61799784919,ok,
92,m1_prior,620.872048450442,631.011796707359,ok,
92,m2_prior_expertise,622.404304320419,637.613926705795,ok,
92,m3_prior_expertise_similarity,624.066288323703,644.345784837537,ok,
92,m4_full,627.039523193241,657.458767963992,ok,
92,m5_full_gwesp,,,failed,下标出界
101,m0_edges,374.529291356754,379.639987479733,ok,
101,m1_prior,354.68647988978,364.907872135737,ok,
101,m2_prior_expertise,356.686409580798,372.018497949734,ok,
101,m3_prior_expertise_similarity,358.382920320467,378.825704812382,ok,
101,m4_full,362.14245017304,392.806626910913,ok,
101,m5_full_gwesp,,,failed,Unconstrained MCMC sampling did not mix at all. Optimization cannot continue.
130,m0_edges,644.709696010596,649.561938579647,ok,
130,m1_prior,642.300326841814,652.004811979918,ok,
130,m2_prior_expertise,644.134108207873,658.690835915029,ok,
130,m3_prior_expertise_similarity,644.92920768847,664.338177964677,ok,
130,m4_full,648.378974969164,677.492430383475,ok,
130,m5_full_gwesp,,,failed,下标出界
133,m0_edges,463.70252095187,468.361814871554,ok,
133,m1_prior,453.96643595896,463.285023798327,ok,
133,m2_prior_expertise,455.651436167912,469.629317926963,ok,
133,m3_prior_expertise_similarity,457.647173481843,476.284349160578,ok,
133,m4_full,460.191484037642,488.147247555743,ok,
133,m5_full_gwesp,,,failed,Unconstrained MCMC sampling did not mix at all. Optimization cannot continue.
221,m0_edges,911.650267842313,917.351468023171,ok,
221,m1_prior,863.786069950868,875.188470312583,ok,
221,m2_prior_expertise,863.050430677347,880.154031219919,ok,
221,m3_prior_expertise_similarity,858.443225432202,881.248026155632,ok,
221,m4_full,859.990691096697,894.197892181841,ok,
221,m5_full_gwesp,,,failed,Unconstrained MCMC sampling did not mix at all. Optimization cannot continue.
