session,number_of_nodes,number_of_edges,density,number_of_prior_dyads,mean_expertise_raw,mean_log_expertise,sd_log_expertise,mean_leadership_raw,mean_log_leadership,sd_log_leadership,estimation_method,gwesp_decay
6,96,178,0.0390350877192982,143,3.29846624031641,1.4503039268003,0.129317620164591,3.85565476189583,1.56998075709443,0.144143510222198,MLE,2.5
10,58,140,0.0846944948578342,185,3.18860625559052,1.42756050928885,0.0996218555649969,3.88669950739655,1.57787474832118,0.133435440462878,MLE,2.5
11,55,100,0.0673400673400673,92,3.14301346862597,1.41450754279321,0.119735255953692,3.64090909090909,1.52577357694608,0.138317257115632,MLE,2.5
14,55,131,0.0882154882154882,233,3.29959663052727,1.45246382039007,0.111407658885467,3.76,1.5425696213432,0.194103163453103,MLE,2.5
91,39,71,0.0958164642375169,27,3.00182941927961,1.37604554060357,0.150233507140631,3.65705128205128,1.53123161003856,0.122990179987901,MLE,2.5
92,49,89,0.0756802721088435,244,3.31699451201491,1.45685696213568,0.108117690655272,3.84183673469388,1.56630682246951,0.154265947111434,MLE,2.5
101,50,43,0.0351020408163265,39,3.28612849158571,1.45066399527579,0.0996504656890878,4.22,1.64265145713973,0.14730147282871,MLE,2.5
130,44,101,0.10676532769556,29,2.80377412524187,1.32792585462567,0.129364602567518,4.24545454545455,1.65000929767141,0.125414844758256,MLE,2.5
133,40,68,0.0871794871794872,252,3.3813930920425,1.46640085915011,0.151879899561345,4.053125,1.60696355277497,0.172690441574668,MLE,2.5
221,67,116,0.052464947987336,590,3.49341013055248,1.49780130152978,0.101149875658406,3.78358208955224,1.54669490881737,0.206097279638084,MLE,2.5
